用户,是否看过,评分,评论时间,有用数,评论,,
哪吒男,看过,力荐,2017/1/25 14:34,18401,我和我不想要的后半生，我和我不愿意和解的自己。你们都朝春天去，就留我在破碎里又丧又美丽。,,
﻿荞麦,看过,还行,2017/1/28 3:20,651,……就还好啊。怎么大家集体爱上这种了？,,
11km,看过,推荐,2017/1/25 23:52,14058,那些劝我们向前看的朋友，“不是所有人都可以和过去和解”,,
王大根,看过,推荐,2017/2/20 10:07,2937,人生的伤口，二十五岁之前怪父母，二十五岁之后怪社会，最惨就是巨大伤口摊开在那里，腐臭流脓永不愈合，然而，无人可怪,,
狸猫厌倦打僵尸,看过,力荐,2017/2/2 20:41,12235,有時關不上冰箱的門 腳趾撞到了桌腿 臨出門找不到手機 嚎啕大哭 你覺得小題大作 只有我自己知道為什麼,,
陀螺凡达可,看过,推荐,2016/12/14 6:09,2107,又名《回忆杀》。有遗憾和失望，二刷后感觉对角色的好感甚于电影，卡西的角色写得演得太饱满了，让我对这个角色产生了依恋感。,,
布鲁斯老师,看过,力荐,2016/9/15 7:53,9802,我们都有权利不与自己的过去和解。#2016TIFF,,
桃桃林林,看过,推荐,2017/2/16 19:11,1076,生活流，如何绕过苦难，丧到骨子里的卡西，绕不过去的苦难。,,
山河入梦,看过,力荐,2017/1/26 20:28,7877,我最怕的就是这种电影，看完以后什么都讲不出，就想静静地待着，静静地沉溺在挥之不去的抑郁中。结局仿佛看到了光，又好似什么都没有。,,
影志,看过,力荐,2017/2/16 22:37,1170,以前的生活哲理是“忘掉过去，才能往前”，这一部是“忘不掉，走不出，也是一种生活本真” 内心戏和回忆杀拍的太细腻…与《爱乐之城》并列2016年度最佳。“心一旦碎了，就会永远一直碎着。”,,
谢飞导演,看过,力荐,2017/2/18 9:00,637,互联网的发达，使我们也可以同步享受奥斯卡颁奖前的赏片月了。本片的长处是对遭遇家庭悲剧的主人公之心理崩溃及挣扎的刻画，编剧及表演是亮点。海边冬季小镇的明丽风景及温暖、厚重的古典音乐交融一体的描绘与舒解，也功不可没。,,
A L E X,看过,力荐,2017/1/31 22:34,750,卡西这种不像在表演的表演确实是如今好莱坞最缺稀的,,
LORENZO 洛伦佐,看过,推荐,2017/1/18 7:37,377,四星半。如果被生活判了死刑，还有什么值得留恋？一场死亡揭开了旧伤，也把最暖的亲情带到面前。细碎的拥抱和拍抚，像零星的火种，终于点燃了男主的心中余烬。即便他心里藏着全世界的冰雪，那也会慢慢溶解，丧门星也会有春天。凯西表演冷静震撼直让人心痛心怜，用幽默外壳下的重度悲伤直指人心。,,
Meng,看过,推荐,2016/9/17 11:34,430,音乐略满，阿弗莱克妥妥的影帝提名；作者应该受过女性伤害，女性角色都有点怪。,,
饮歌,看过,还行,2016/11/28 22:15,337,一个悲伤到让人崩溃的故事，却被导演拍的波澜不惊，也许这就是这部电影的过人之处吧。主人公和侄子之间关系微妙的变化，让人深感家与亲人在我们感情中的分量之重；电影最后一幕，男主与侄子在海上垂钓，刺骨的海风没有半点温暖，每个人似乎保持着电影开始时的无奈和沮丧，也许这就是生活吧。,,
#NAME?,看过,力荐,2016/12/1 17:20,6936,我冷漠的躯壳里，是抚不平的伤口和解不开的死结。,,
张维托,看过,力荐,2017/1/20 8:08,4453,Lee说话是不是美国周杰伦,,
同志亦凡人中文站,看过,力荐,2016/12/11 18:33,3661,最好的生活流电影，难得的是叙事手法又带着变化。叔侄俩各自面对各自的失去，亲情恬淡而走心。没有刻意追求正能量，但曼彻斯特阴冷的海，就这样被琐碎和小幽默一点点填满。——就像全世界的雪，最终会带来全世界的春之苏醒。毫无疑问我的年度最佳。,,
匡轶歌,看过,力荐,2017/1/25 20:49,2397,10年啊，从《神枪手之死》的最佳男配提名起，我等着Casey摘影帝，十年。演技最被忽视，总是半红不黑的Casey，今年当是非你莫属。对痛苦的表达，就当这么朴素节制。送一句小津的话给那些说Casey面瘫的人：高兴就又跑又跳，悲伤就又哭又喊，那是上野动物园的猴子干的事。,,
线性代数,看过,力荐,2016/10/3 8:38,2397,"生活像是曼彻斯特的雪，干燥而冷硬，无情地嘲笑着折磨着裹挟其中的每个人，将最后一点温暖掩埋于六尺之下。""I can't beat it. I can't beat it.""",,
我对你的无语简直能沉默整个宇宙,看过,力荐,2017/2/20 8:46,387,最克制的是，导演并没有给李和兰迪两人在火灾之后、乔去世之前这段时间哪怕一个交流镜头，但那种不能随时间淡化的噬心蚀骨的痛苦和伤害，在两人每一通电话的字句停顿中，每一次相遇的喘息和眼神中都感受得到。克制真是最好的美德。,,
CharlesChou,看过,力荐,2017/1/29 0:35,2510,葬礼进行的时候，他听着宝宝的哭声，与那个试图安抚婴儿的男人共享着眼底羞为人察觉的一丝焦虑。他想伸手接过孩子，用他或许尚未消散的那种魔力让宝宝平静下来，又旋即意识到自己不能，也没有理由去为旁人阻止这种连锁的消耗。他累了也尽力了，相信所有人都是一样。,,
欢乐分裂,看过,推荐,2017/2/9 23:35,331,破碎的我怎么拯救破碎的你，阴冷肃杀的冬日海边，冷意钻入骨子无可避退，人生中的低谷寒潮已无可能褪去，不如全力拥抱破碎的自己；多处人物台词重重叠叠，我们从未打算走入他人生活，只愿守住自己的孤岛，沉沦在自己的泥淖。,,
品客,看过,推荐,2017/2/2 15:40,332,最后乔在帮老人修锅炉时，老人说自己的父亲在95年出海突然消失。看似突兀的这场戏其实也是电影的主题：世事无常的生活不过只是一成不变的插曲，日子始终在继续，渔民依然每天出海，候鸟迁徙南飞，乔还是乔。,,
亚比煞,看过,力荐,2017/4/17 9:40,245,而今尝尽愁滋味，欲说还休。却道天凉好个秋。,,
小斑,看过,力荐,2017/1/10 8:11,260,I can't beat it十年前我对医生对自己说了差不多的话。接受命运跟接受自己，相驳的时候，“重新来过”并不在菜单里。把他人的感受层次分明地呈现在一个虚构的故事里，将景色音乐细节掌控得分毫不落，最终叫那个“他人”泪流满面，是电影的魔力。冷，繁琐，努力而不能，不能仍努力，知音是奢侈品。,,
办公室甜心,看过,力荐,2017/2/14 3:19,225,看之前跟我姐讨论过这部电影 她说 我要是他 我早自杀了 活着干嘛啊 我说 我觉得活着嘛 好不好都有个活法 要么生活要么过活 没法跟人比 我就跟过去的自己比 看是不是更好了 我姐回了一句 你看完说 我现在看完了 我要是他啊 我早自杀了 活着干嘛啊,,
柯里昂,看过,力荐,2017/1/24 14:36,136,明明全片都是用的明亮色调，但是却看的无比压抑。一次次面对亲人的死亡和离去，酒吧里的每一拳都是彻底的释放，和煦的曼彻斯特背后隐藏着的是我挥之不去的痛苦往事，卡西这个角色有多难演已经不言而喻。导演拍起亲情戏来像极了是枝裕和，卡西的表演属于“于无声处听惊雷”那种。截至目前我的颁奖季top3,,
岛上的夏奈,看过,力荐,2017/6/26 3:13,129,死不掉，活不了。,,
伊瓦,看过,力荐,2016/11/21 10:32,61,六星。东岸的海，所有明亮的镜头都美得动人心魄。然而人生困局，挥出去的都是空拳，又都是痛。邻座的老爷爷哭了出声。男主一脸丧真招人喜爱。配乐都是大提琴啊口琴啊，加分。,,
樹一,看过,推荐,2017/1/6 15:01,220,2017年看的第一部电影，是一个人在Williamsburg的一家小影院看完的。因为是午夜场，无字幕，昏睡了一半的时间，几近绝望且漫长的两小时，即便是这样，在散场之后也清晰记住了几个异常凌冽的孤独片段，在电影里看到了比自己更惨的人生，也没有得到释怀，淋着雨走回了公寓。,,
朝暮雪,看过,推荐,2017/1/31 23:25,134,卡西·阿弗莱克凭借《海边的曼彻斯特》成为奥斯卡影帝，再加上本·阿弗莱克的最佳导演和最佳剧本，两人成为“都获得过奥斯卡”的兄弟，据说这样的兄弟全世界不超过五对。,,
西楼尘,看过,还行,2017/2/10 0:18,220,平凡的日子里，灾祸总是陈仓暗度；庸碌的岁月中，幸福往往狡兔三窟。我抱着啤酒零食跌倒了，尚且可以爬起来，被生活狠狠开了一枪，从此便丧却了爬起来的全部气力。那始终抬不上救护车的担架、永远关不上的冰箱柜门，使我成为相传于人世的流言。今夜的曼彻斯特有风，遇见衣衫凉薄的我，请再添一点柴火。,,
牧风,看过,力荐,2017/1/18 23:30,1456,如今的影评人动辄靠骂“中产阶级”来博人眼球，只要喊“中产阶级”去死就有SB点赞，这我忍了，可是！人家一水管工也要被讲成是中产阶级，实在替凯西咽不下这口气！看电影只看到“阶级地位”、“政治目的”，人电影没你想的这么黑暗！而且我天C也已有25%的人是中产阶级了， 各位中产请不要自己打脸！,,
米粒,看过,推荐,2016/10/3 12:20,638,典型的“中产阶级伤痛故事”通过穿插的剪辑打碎了压抑的情绪，喜忧参半的剧本看得出非常花心思，不是暖心的鸡汤，也没有让人沉浸在心碎中，度把握得很好，两个多小时不显漫长。而且算是卡西的独角戏了！他真是个气质独特的演员，没有所谓的“夺金时刻”，却把情绪慢慢渗透到了每一个镜头里,,
亵渎电影,看过,推荐,2017/2/3 20:14,266,这几年奥斯卡颁奖季不错的电影，剧本都不能用麦基的《故事》来判断好坏了，《海边的曼彻斯特》就是，从那套“好”剧本的标准看李这个人物，它的塑造方式犯大忌，但作为生活流的故事，正是这些所谓的“坏”让这个故事变得不一样，有了一种新鲜的感觉，李这个人物的丧和悲伤反而变得不狗血，更生活了。,,
九尾黑猫,看过,推荐,2017/2/14 22:53,214,年轻的时候学会很多道理，等到真正开始体会懂得的时候，仍然发现这并不足以让你过好一生。大多数时候我们赞美那些勇敢击溃不幸的人，因为也许更多人会选择停留在原地兀自哀伤。不过，不管留下或者离开，都可以活得很有尊严。,,
shininglove,看过,还行,2017/2/5 16:42,136,世界上有无数个曼彻斯特，那里是失败者的角落，泪海干涸，灵魂萧索，李·钱德勒行尸走肉，穆里尼奥壮志未酬。,,
davekozg,看过,力荐,2016/11/24 15:56,117,曼彻斯特小镇冬天的大雪，凛冽彻骨。一个冷冰冰的故事，彻骨冰凉却也蹒跚向前。既然和过去诀别，就不要再回头看。总有人不愿也不能和过去的生活讲和，即便满脚泥泞满心羁绊，生活总还是要有继续的方向#目前为止个人年度最佳，剧本和表演都绝赞#,,
心生,看过,力荐,2017/1/29 23:17,198,看了N遍，每次都特揪心，特心疼男主。卡西终于遇到了让他大放光彩的角色，终于出头了！他的表演太棒，那种颓废与心死真是入骨，浑身都是戏。有时就这样，心里有的坎就是迈不过，对于一些事无论如何都无法跟自己和解。那是人生中至深的痛，已成为嵌入生命的荆棘，他只能带伤而活，旁人不必也无法劝和,,
BC,看过,力荐,2016/12/5 0:47,99,Michelle Williams 最后那出真厉害,,
小A,看过,还行,2017/1/23 20:58,69,片中护士问do you need Kleenex（卫生纸），我想起当初在实验室用Kleenex擦仪器的痛苦年代，整个人都不好了。这种典型圣丹斯小清新我快要看腻了，矛盾冲突生硬。镜头衔接甚至有些业余。音画时空错位并不会让影片更高级。又看到《月升王国》女主Kara Hayward了。音乐用得太满。,,
南笙,看过,力荐,2017/9/10 8:39,95,可以说是很符合我现在的心境了，丧就丧吧，大家都是成年人了，谁还会信“时间会治愈一切”这种自欺欺人的鬼话？时间并不会治愈伤口，逃避可耻但有用啊，将来就发现，曾经不是最丧的，因为丧的还在后头。,,
blueshadow,看过,力荐,2017/2/22 0:33,77,他的心在冻土层,,
文西,看过,还行,2016/9/3 15:28,69,除了结构也算连接的可以，故事本身实在是为了压抑而压抑，好在结尾没有落入俗套煽情。 但是周围的一群大妈们真的一直在哭泣，我觉得是不是自己太绝情了一点。,,
赫恩曼尼,看过,推荐,2017/7/24 18:37,136,不堪回看的历史带给人的痛苦，不一定彻底击垮一个人，而是让他冷漠、看似置身事外，却始终无法彻底摆脱。没人会将这个叫Lee的颓废修理工视作自己，却有多少人，曾经经历过心碎的时刻，然后隐藏起所有伤疤，一如往常地生活。我们看到的，只是他们“最正常”的样子。,,
安德烈大叔,看过,力荐,2017/2/19 17:21,59,布满裂痕的灵魂让人心疼，但我们都知道这或许才是现实中最真实、最普遍存在情绪，回避创伤、封闭部分情感是生命体验的一种常态，选择性的视而不见也难以阻止它悄无声息的浸入和沉淀在生活的细节中，然后就这样默默伴随着生活一直前行下去。,,
labarians,看过,推荐,2016/10/3 7:48,103,Small Town Drama，配乐确实有点over the top。不过Casey和小米表现真没话说，只是在今年这个政治正确的年份，一群白的不能再白的卡司，感觉没啥希望。,,
荒也,看过,推荐,2017/5/26 21:43,93,他熟练的修理完一条条下水管道，但修复不了过去的人生。堵塞的马桶成了最好讽刺。每一天的日常生活，被穿透在大量的闪回的断片里，广阔的大海是唯一救赎的场所。在转角偶遇前妻，终于得到了迟来的宽容，但墙角分明的直线，仍将两人割裂在两个世界里。没有结局的结局和只有绝望的绝望。,,
隔壁家的桃太太,看过,力荐,2017/2/14 21:32,73,跟我妈一起看的，看完我妈更爱我了。我的心机。,,
有心打扰,看过,推荐,2017/1/25 16:01,35,有些悲伤痛苦的记忆是永远无法忘却的，你只能不断抑制再抑制，把它们尘封在心里的最深处，不去触碰，而代价或许就是把自己的情感和泪水也一并封存进去。,,
思郁,看过,推荐,2017/2/9 22:36,52,带着永不释怀的原罪继续生活，又开始一点点与生活和解。不原谅自己犯下的罪，又试着去担负自己的责任。这种电影最考验演技就在于根本没有演技。,,
汽车大师,看过,力荐,2017/2/12 20:51,38,这题材看了一点不堵心感觉可以一直这么看下去，技巧很高超,,
GIVIND,看过,力荐,2017/2/4 20:59,61,这电影的风格就适合我这种废柴看，美国拍的日剧，换日本演员来演也毫无违和感。泡一杯廉价的雀巢，然后以最低耗氧量的心跳，面无表情的在屏幕前呆坐俩小时，最后结尾，忘了喝咖啡，倒掉，然后上床睡觉。this is it .,,
恶魔的步调,看过,推荐,2017/2/1 13:42,53,返乡葬礼（回家看尸体）真是个满广泛的题材，可以正剧，可以喜剧，可以讽刺。本片的闪回硬剪挺有意思，就像是正片的一个标题符号，逗号，感叹号，省略号。卡西·阿弗莱克这张脸啊，跟他兄弟本一样，天然抑郁寡欢。,,
木由,看过,力荐,2017/5/9 21:33,78,冻鸡腿恐惧，无缝对接的场景切换——哥哥为他安置沙发，和前妻的对手戏，女儿托梦，在餐桌上和侄子的摊牌。这个木讷的男人一直在骗我的眼泪，连“我想要间两居室，可以放张沙发，万一你来波士顿可以有个地方住”都成了泪点。最难过莫过于分明相爱，却今生永诀。同样的事情不敢设想在自己身上。,,
远子,看过,推荐,2017/3/13 21:08,73,惨得太精致了点。,,
猪大腿,看过,推荐,2016/11/17 14:23,113,把血糊淋剌的生活全裹在绷带里不让你看见。船的名字细节好评。,,
猫猫,看过,推荐,2016/12/15 9:21,55,大本他们家祖传面瘫,,
Céline,看过,还行,2016/12/27 22:25,68,在影评一边倒的赞美中去看，失望而归。以不可弥补的人生遗憾作主题，本该拍出更动人的作品。剧本、镜头、节奏和电影语言都很棒，男主演技和魅力爆灯，有触动人心的片段，却难掩故事内核空虚，并没跳出典型的美国戏路（即便采用了欧式野心的我要现实、要感人、要让你思考），用心营造的细节也缺了微妙。,,
曼仔,看过,推荐,2016/12/4 8:54,57,二刷哭成傻逼。男女主演技太好了吧，葬礼和重逢那两场戏肝肠寸断。,,
渡边,看过,推荐,2017/2/16 9:49,68,丧，太丧了，难怪豆瓣评分这么高。镜头好，片子闷，镜头干爽利落，甚至精美，阴冷沉郁，气氛全出。男一男二表演出色，一冷一热，互补又互不侵染，这点很好。心里有坚冰，冬天就会格外长，乐观的人可能不太好理解，丧的人一看就懂。,,
小pig!,看过,力荐,2017/1/27 0:42,37,heart broken的男主、心脏病去世的哥哥、更换马达的Claudia Marie号，相互呼应。关于相助与自救。精巧扎实的剧本，铺陈上避免了那种“重新振作”的老调重弹，不过分煽情，为遗憾保留一席之地。全片闪烁着一种朴实冷静的生活的光彩。,,
翻滚吧！蛋堡,看过,力荐,2017/2/9 17:26,78,我只是不知道该如何开始生活，所以请继续那我留在阴影之中吧。,,
冰红深蓝,看过,推荐,2017/2/16 11:42,44,有些错误一旦犯下，就将一辈子啮噬着你。在至为酷烈的离丧与剥夺的冲击之下，李始终处于后知后觉的情感丧失状态。卡西的面瘫表演与角色特质完美契合，但若放往年的话这片会同[尘雾家园]一样仅获表演奖提名。配乐极佳但稍喧宾夺主，无缝闪回属惊艳之笔。侄子对冷藏柜的恐惧与前妻相遇戏很赞。（8.0/10）,,
文泽尔,看过,推荐,2017/3/25 17:18,42,比海更深,,
Iberian,看过,力荐,2017/2/6 21:21,40,太真实了，真实的不像是电影。因为生活就是这么悲哀，犯过的错误只会eat you alive，即时别人原谅了你，自己都不敢原谅自己。生活才不会因为他人的劝说和曾经辜负的人的宽恕而变好呢,,
私享史,看过,力荐,2017/2/27 13:36,22,洛杉矶时间今天下午我发在微博的：“《海边的曼彻斯特》拿下最佳原创剧本和最佳男主角应该是没有悬念，如果再能拿个最佳导演或者最佳影片就完美了~”结果说中了四分之三，挺好，没把最佳影片颁给故事内核弱爆的《爱乐之城》。回国后在【UA花城汇】又看了一遍，注意到导演客串了那个管闲事的路人。,,
剩下的盛夏,看过,力荐,2017/2/16 19:56,26,比起爱乐之城的明媚与忧伤，我更喜欢这一部的阴冷与心碎~,,
猪头妖怪,看过,推荐,2017/1/25 22:51,41,结尾处，Lee在地下室修管道时，老头所说的一番话差不多可视为本片的主旨：是的，这样的事情总是无声无息，没什么戏剧性。除了我们自己，没人知道也没人感兴趣，但它确实每天都在发生。而我们今天就要讲一个这样的故事。,,
謙淵,看过,推荐,2016/1/24 9:02,46,结尾有点仓促，希望如果上映的话bgm能改改。等下…亚马逊已经买了…,,
内陆飞鱼,看过,还行,2017/2/2 22:38,64,《海边的曼彻斯特》拍得老套，笨拙，叙述感不足，严重不喜欢来回不断穿插闪回这种生硬的表达方式，就只能看演员了，小本的弟弟，还真不错的。,,
偷乐居士,看过,力荐,2017/2/4 17:16,42,得到的都是侥幸，失去的都是人生。假如生活欺骗了你——忧郁的日子不会过去，快乐的日子也未必会到来……我太能理解这种看似不煽情却遍体鳞伤、近乎白描却无比沉重的人生了。8.5*（预测17年奥斯卡最佳原创剧本）,,
TT,看过,力荐,2017/2/24 12:47,53,电影的最后卡西对侄子说 我想要一个能放下沙发床的地方 等你来的时候你就可以住了 感觉黯淡无光的人生中在发出一点点小小的亮光,,
Neski.,看过,力荐,2017/2/26 23:11,47,可能有人会问卡西演得哪里好？这么说吧，前十分钟，我就已经感受到这个人完全是空的，心里什么都没有。那个伤口就这样摊着，谁都治不好，自己也不想治,,
张小北,看过,推荐,2017/10/22 19:26,27,一直等到国内引进正式公映后才看……还是在大银幕观影才是正途啊……看下载估计我看不完，太丧了……,,
后自愈,看过,推荐,2017/1/26 23:22,30,波澜不惊的生活下是永远无法和解的痛苦。那些刻骨铭心悲伤的过往，却也是他最珍贵的礼物。他只能和他糟糕的后半生这样走下去。片中克制的感情一如他冷漠的外表，不停的闪回一如缓缓流入他生命中的绝望。你清楚的知道无论是在波士顿还是曼彻斯特，永远会有那么一个把锅烧糊了的细节把你击败。,,
阿暖,看过,推荐,2017/2/9 19:58,37,卡西是用怎么样的心情看着十六岁的侄子呢，他谈恋爱打工玩乐队，人生还有无限可能，他不明白一个平凡的中年男人如何要用余生来缅怀曾经短暂的幸福，那种幸福原本也毫不光荣，但他已经什么都不剩了。很喜欢插叙部分，电影拍得很细腻，有意识地避免了一切戏剧性，但是居然很好看。,,
嘟嘟熊之父,看过,力荐,2017/1/25 14:53,25,时间是解药，毒药还是麻药。如同在久无波澜的水面投下一块大石，导演专注地书写悲伤二字，一分一秒，一笔一划，又因极致的平静让悲伤不再像悲伤。那些柔软、悔恨、冷漠与愤怒在男主的体内互相拉扯，又最终气力全无，唯有缴械投降。,,
喜儿喂鸭正经地,看过,还行,2017/3/15 10:10,31,看到最后还剩五分钟的时候终于坚持不住了睡着了,,
Joanna,看过,还行,2016/12/5 8:08,19,Soundtrack is horrible, distracting and annoying. Character development doesn't make sense to me. Cathy is good though.,
TimberNord,看过,力荐,2017/2/5 13:14,32,很好的防火教育警示片。作为house设计从业者，想说Log fuelling fireplace has been phased out by the industry，改用电加热然后投影假火焰。时代在进步，拍手称快，喜闻乐见。,,
U 兔,看过,力荐,2017/2/13 9:48,16,似乎没用什么特殊的拍摄手法，但单看某些段落就是感觉很舒服，很多中景都有微微运动，不易察觉但确实存在，营造了一种恰到好处的疏离感，还有低饱和度的丰富色彩、干干净净的构图，即便人不是很好看但依然养眼。终于看了一部最终什么都没有解决的电影，但稍有的松动让人都有舒一口气的余地。,,
猫语猫寻,看过,力荐,2017/2/23 0:25,36,这个世界有些地方阳光是照不进去的，有些伤注定是无法愈合的，甚至连血都无法干涸，身边的人除了帮你再次揭开伤口之外什么也做不了。可是却还要活下去。电影把这种感觉完全的展现了出来，你甚至都不会去关注演员好不好，台词好不好，景色美不美，音乐好不好听……因为你已看到那伤口的重量。,,
喜儿喂鸭正经地,看过,还行,2017/3/15 10:10,31,看到最后还剩五分钟的时候终于坚持不住了睡着了,,
明安,看过,推荐,2017/2/13 23:29,35,Life, huh?,
天明一钉,看过,推荐,2021/3/25 0:07,36,极度致郁，告诉你生活不是从来都会慢慢好转，心头的阴影也不会逐渐消散，有些伤痛一旦铸成，就连一生都无法治愈，只能就此苟延残喘、在时间的裹挟中艰难向前。Lee选择不与自己和解，但对于生活中的我们，还是尽量放过自己吧，过往的痛，不该由今日的自己承担。,,
LOOK,看过,还行,2017/1/27 15:17,34,作为创伤治愈电影，倒是没啥刻意做作的成分，没有让人一头栽到极致的悲痛情绪中，但生活流的处理方式却也没有挖掘出多少值得回味、有所醒悟的东西来，这可能与影像太实在有关。,,
托尼·王大拿,看过,力荐,2017/2/13 0:59,20,剧本的结构和素材取舍以及一定程度上的去戏剧化使得每一场戏都蕴含着巨大的情绪张力，表演的力量进一步增强了角色对故事的驱动力；亨德尔用得真好。,,
豆友3011868,看过,还行,2016/12/20 23:43,46,盛名之下，其实难副。电影语言是近乎完美，但是故事就是那么无聊一个内核。飙演技、秀情感、拼导演功底都不错，但既对技艺没有巨大贡献，也没有什么其他更深的东西可挖了。到处都是gesture，但也就是gesture一下而已了。,,
Crazy Henry,看过,力荐,2021/11/30 0:00,56,扣动扳机的时候他没有一丝犹豫，可即便最终没能扣下扳机，他的生命实际上还是死于那场大火的余烬里。,,
李濛Lemon,看过,力荐,2017/3/11 13:26,34,明明是一段撕心裂肺的往事，却被导演以极度克制的方式表现出来。电影用了很多空镜，很多叙事上的留白，用插叙的方式剖白了一个行尸走肉般男人的内心。片子从头到尾都弥漫着颓丧的气氛，不知不觉观众就沉溺其中不能自拔，没有哭天抢地，却更痛彻心扉。,,
LeungChanXXX,看过,推荐,2017/1/24 23:43,22,逃不出的悲恸回忆化成了飘不停的细雪，填不上的内心缺口惟凭冷风无情灌注。电影以极为克制冷冽的方式缓缓诉说着人生抱憾与失去的常态，但更可贵动容的在于刻画情感的细节，冰柜前崩溃和前妻偶遇两场戏印象尤其深刻。Casey Affleck的表演确实优异。,,
喻鸣,看过,力荐,2017/2/7 10:19,24,它太冷、太忍，凛冬白雪尚能在阳光下软化，陈年回忆却无法释怀；它又太伤、太丧，明明插科打诨也不少，悲伤却浓郁地化不开；它无视规则、不屑套路、反对一切粉饰；它任由主人公深陷泥潭，不给希望、不留出路。但不得不承认，这才是生活，世间哪有轻而易举的释怀？哪有那么多峰回路转的奇迹？,,
Ocap,看过,推荐,2017/1/26 0:13,27,4.5。曲击人心。敢于将传统思路中的戏剧点早早泄掉，牺牲本能更大化的情绪爆发力，在最佳时刻立起一个复杂而动人的角色。冷如海边的曼彻斯特，又暖似轻轻摩擦的人心，没有真正能被和解的过去，只有即便很累也要淡然面对的未来。今年BP三大热门中最没夺奖相的佳作，却是除爱乐外最让我喜欢的一部。,,
荔枝超人,看过,推荐,2017/2/5 22:49,42,又一堂人生必修课。了不起的“戏剧”！几乎每一场戏都是不冷场的。就像Alexander Payne拍了部是枝裕和。,,
猫语猫寻,看过,力荐,2017/2/23 0:25,36,这个世界有些地方阳光是照不进去的，有些伤注定是无法愈合的，甚至连血都无法干涸，身边的人除了帮你再次揭开伤口之外什么也做不了。可是却还要活下去。电影把这种感觉完全的展现了出来，你甚至都不会去关注演员好不好，台词好不好，景色美不美，音乐好不好听……因为你已看到那伤口的重量。,,
MR.Charles,看过,力荐,2016/12/7 6:35,19,剧情就像它的配乐一样舒缓 煽情也很克制 中途还穿插着不少嘴炮 大家一边抽泣 一边笑 故事开始于海上结束于海上 这座海边小镇是如此的压抑 就像这个故事一样充斥着悲伤与痛苦 凯西真的演得太好了 那种眼神中的空洞与绝望 值得拿男主,,
MR.Charles,看过,力荐,2016/12/7 6:35,19,剧情就像它的配乐一样舒缓 煽情也很克制 中途还穿插着不少嘴炮 大家一边抽泣 一边笑 故事开始于海上结束于海上 这座海边小镇是如此的压抑 就像这个故事一样充斥着悲伤与痛苦 凯西真的演得太好了 那种眼神中的空洞与绝望 值得拿男主,,
17950,看过,力荐,2017/4/26 1:31,29,剧本实在太屌了吧。有些事有些人本来就走不出来，慢慢来，。走不出来就走不出来吧，总有些病是治不好的，总有一天会带我们走。你觉得很消极吗，我作为一个虚无主义者觉得这片子无比的积极！还有什么比拒绝自我欺骗更积极的！？,,
刘康康,看过,力荐,2017/8/27 22:08,13,编剧太厉害太老练。虽然整个故事完全是生活流，但情绪的转折却编排得非常精致，同时情绪流的发展自然而然，没有那种为了转折而营造出的刻意感。本来以为故事会很抑郁，但其实大部分时间都充满幽默。当一切似乎都慢慢变好时，男主街头偶遇前妻，影片情绪直转急下，让之前的幽默显得更加痛彻心扉。,,
Joanna,看过,还行,2016/12/5 8:08,19,Soundtrack is horrible, distracting and annoying. Character development doesn't make sense to me. Cathy is good though.,
禾希食反,看过,力荐,2017/1/25 23:00,16,冬天来了，春天还会很远。,,
女神的秋裤,看过,推荐,2017/2/26 21:19,23,动人的故事，迷人的小镇。悲惨的往事，可能只有拥有惨痛经历的人才会为之动容，生活对于每个人都不一样，有些人活下来就是胜利。,,
朝阳区陆依萍,看过,推荐,2017/2/3 10:53,19,不太同意“我们都有权利不与自己的过去和解”，而是有些事情就根本和解不了.....看着Lee后背孩子们的小脚丫，泪就一直不停的掉....,,
豆友50184804,看过,力荐,2016/12/22 6:56,18,"在漫长的生命中，有一种不忍叫做""I don't want him to be in the freezer""，有一种无奈叫做“I can't beat it""",,
陈哈,看过,力荐,2017/1/26 12:25,24,一个人所能承受的悲伤极限,,
Morning,看过,力荐,2017/2/2 18:24,13,无法永远的占有真理，就像永远不能爱自己一样。迂回的走在海边，砂砾从脚底下艰难的流过，我们都被困在了黑夜里，不想存在了。公路上看到的街景，被路灯覆盖着，空荡荡的光压在上面。我们的身影还看得见吗？倏忽间好像已掉进了白天。我要去从树影中寻觅，从宽阔的马路上找到安静。,,
gus,看过,还行,2017/2/24 18:31,20,这个是美国的曼彻斯特 跟英格兰没有任何关系,,
17950,看过,力荐,2017/4/26 1:31,29,剧本实在太屌了吧。有些事有些人本来就走不出来，慢慢来，。走不出来就走不出来吧，总有些病是治不好的，总有一天会带我们走。你觉得很消极吗，我作为一个虚无主义者觉得这片子无比的积极！还有什么比拒绝自我欺骗更积极的！？,,
刘康康,看过,力荐,2017/8/27 22:08,13,编剧太厉害太老练。虽然整个故事完全是生活流，但情绪的转折却编排得非常精致，同时情绪流的发展自然而然，没有那种为了转折而营造出的刻意感。本来以为故事会很抑郁，但其实大部分时间都充满幽默。当一切似乎都慢慢变好时，男主街头偶遇前妻，影片情绪直转急下，让之前的幽默显得更加痛彻心扉。,,
seamouse,看过,推荐,2017/1/26 0:27,19,与《奥丽芙·基特里奇》一样灰色，一样无法和周围和自己达成和解，似乎这已经成了美国东北的某种绝望故事色调。Lee去见律师谈监护人角色，与闪回段落交待所遭遇灾难的那场蒙太奇特别出色，别的部分则感觉剪辑得可以再漂亮一些。演技已经如此出色情况下，过度用吉亚佐托的G小调柔板，确实会让情绪过度。,,
大海里的针,看过,力荐,2017/2/23 15:38,20,全程克制不煽情，但全程都是泪点,,
Sophie  Z,看过,推荐,2017/2/17 12:18,21,The cold dead winter…这片看的时候还没觉得特别难过，但是后劲太大了，这两天总是不断回想起一些细节。卡西的演技，那句I can't beat it，眼里全是悲伤。,,
玑衡,看过,还行,2017/3/6 12:56,24,整个设定太惨，有一种被骗惨的感觉……,,
彌張,看过,还行,2017/1/25 20:35,18,年头几部热门片我都无太多感觉,,
小墨MO,看过,力荐,2017/2/15 8:07,34,整部片子其实相当克制，不过度渲染，才有了冷冰冰的疼痛感。很喜欢男主角手臂上并没解释缘由的小伤口，就是这样一个活得像行尸走肉的男人，会用毛巾小心地包起三个孩子的相框。,,
Clyde,看过,力荐,2017/2/13 17:46,17,完全以一个父亲的角色感受这部影片，有太多不能承受之重，火灾、警局录口供、偶遇前妻等几场戏，卡西•阿弗莱克都奉献了年度最佳的表演，他把一个父亲永远无法释怀的痛苦以麻木般隐忍的方式表现出来，观众看不见但已撕心裂肺。更难得的是，他在影片中的状态高度统一，这就是毫无瑕疵的表演！,,
野象小姐,看过,还行,2017/2/23 17:25,26,差不多窒息了,,
RITA,看过,还行,2017/2/13 21:33,30,有家庭的意义在于 当你决心遗世独立的时候 还不能去死,,
更深的白色,看过,还行,2017/2/15 9:40,19,前半部分情绪好足，萧索冬日加适时闪回丧出新高度。但那段伤痛史实在是太直接drama，揭晓之后开始剧作乏力，叔侄关系线没什么张力，还是只能在行尸走肉和酒吧暴走之间切换，没有了前半部分的精巧细腻。,,
小烨,看过,力荐,2017/3/2 14:39,18,年度最丧。跨不过去的坎，就别跨了。努力会痛苦的话，就别努力了。逃避比较舒服的话，那就逃避好了。,,
魏小河,看过,推荐,2017/2/18 22:35,16,人生毕竟不能重头再来。,,
松如,看过,推荐,2017/3/1 1:13,23,我要看个喜剧喘口气……,,
新·文森特九六,看过,推荐,2017/1/24 14:49,15,4.5，其实编剧和导演并没有多出彩，幸运的是把宝都押在卡西身上这步走对了，一部演员引领着众主创找到位置与找准感觉的作品，估计颁奖季那几大热门里个人最爱的就是这部了。,,
席德,看过,还行,2017/2/7 23:11,11,今年奥斯卡提名的几部电影我都有点看不下去，感觉被主流抛弃了。本片几位提名的演员的演技我统统get不到，甚至觉得他们演得不太好。配乐完全用力过猛，显得很假。还是跟范桑特、跟小津他们的电影学学吧，适度冷漠才更动人。（去年说奥斯卡提名烂的那拨人在哪儿？今年更欲哭无泪了吧。,,
基瑞尔,看过,力荐,2017/2/20 18:05,13,之前非常刻意的去回避这部电影，因为不想丧。但看完反而觉得这部电影没有加法减法，就是画一个长长的等号从一开始到最后。最伤心的一场戏是接近两小时的时候，Randi和Lee几近痛彻心扉的见面。Casey在《星际穿越》的细腻在这一部有了更大的发挥，但还是小米不多的几次出场更加打动我。,,
klzbyxg,看过,推荐,2017/6/1 19:50,10,节奏缓慢但异常让我入戏 看完以后感觉非常空虚,,
古尔齐亚,看过,力荐,2017/8/25 23:02,21,我一直以为uncle lee会在最后说，好吧，我留下来，可他还是没说,,
mOco,看过,推荐,2017/2/16 22:48,14,听到Lee说出I can't beat it.这话时就像感受到曼彻斯特阴冷的海风，全身战栗。同样是情绪戏，比之精巧的叙事结构与视听技巧，更喜欢这样靠细节打动人的作品。,,
甜椒Oli,看过,推荐,2017/3/12 9:30,15,没有可以从头来过的人生。一步踏错终生错。,,
饱肚师叔,看过,力荐,2017/2/25 12:46,12,大型防火意识教育宣传片，看完以后我紧张的开始检查起家里可能具有火灾隐患的角落。,,
固力果guriko,看过,推荐,2017/3/20 9:50,23,他们在街头相遇，再也无法直视对方的眼睛，连说一句完整的话都显得困难。他不知道出口在哪里，或者根本不想寻找，未来是什么，根本不想知道。,,
Leon Winters W,看过,力荐,2018/9/1 14:42,17,典型的豆瓣文艺电影，文戏冗长全片无高潮，如果说大多数电影、小说或者微博都在熬一碗鸡汤，那这部就是一个美帝底层中年男人失意生活的写照，我们应该勇敢面对人生，在生活中寻求自我救赎的话，那影片到这里就是确切的反鸡汤了。犯过的错误没有办法弥补，对着心爱的人说错的话没有办法收回，失去的东西也许一辈子都无法得回，我们最终都要抱着遗憾度过余生。海边的曼彻斯特采取了一种独特的方式，它把最煽情的部分小心翼翼地折叠、隐藏，近乎舍弃，不得已时才泄露一点点，它只交代了前因，再交代了后果，中途那些痛彻心扉的过程，在整部电影中都被故意省略和剔除了，这种故意留白的叙述方式正暗合着主人公自己的心境——他同样故意忘记那一段。但越是如此避而不提，人们越能自己脑补出那些难以描摹的痛苦。省略和留白成就了这部电影。,,
大头绿豆,看过,力荐,2018/5/4 14:40,21,我还能做些什么，除了拍拍你的肩膀，在你身旁坐下，不发一言。,,
第一公民郁白,看过,力荐,2021/5/12 21:48,31,生活中的一切悲欢离合都已经和我无关，在曼彻斯特凛冽的寒风中，我就这样艰难的支撑着需要我做的一切，早在卡壳的那一发子弹中，我已经结束了自己的一生,,
SELVEN,看过,推荐,2017/1/23 14:07,10,77/100 一个无法原谅自己的男人的暴怒和自我伤害，他最终可以走出阴霾吗？实际上电影在最后已经给出了答案。个人非常喜欢充斥着隐喻和象征符号的剧情片，本片是编导和主角一个镜头一个镜头讨论出来的，细腻程度可想而知，不是所有演员都有如此好运的，2017注定是Casey A的风光之年。,,
汪金卫,看过,力荐,2017/8/26 19:04,9,大银幕让人更认真地品味故事中的酸甜苦辣。曾经与现在两条线索交织剪辑，让观众逐渐了解男主的过往。当电影回溯到那些悲痛的过去，真让人难过并为之动容。所有演员演得都很好，全片情绪细腻而伤感，仿佛看到了自己身边的生活。音乐好听舒缓而含有淡淡的悲伤。大陆版删的1分钟不长，但也不可忽视,,
a little mark,看过,推荐,2016/12/25 8:18,6,Here in Massachusetts, it's always cold and sad.,
P-nutButterFry,看过,推荐,2016/12/23 8:27,11,太沉了…看完之后不看集动画片真睡不着觉……剪辑教科书,,
去年槲寄生,看过,推荐,2017/2/8 22:30,11,痛苦无法消解，也不需要他人理解，它已经是记忆、身体中的一部分。没有归结出什么生活大道理，继续活下去，丧就是人生的常态。,,
艾晨,看过,力荐,2017/8/25 22:17,13,丧气逼人，就像南方不停下着细雨的冬天，漫长而又冰冷。你朝着山上跑了不知多远，胸口生疼，大口呼吸，却感觉下一秒就要透不过气来。,,
Neelder,看过,推荐,2021/9/16 23:24,32,“未经他人苦，莫劝他人善。” 两人在街上偶遇的那一段悲到骨子里头去了。,,
哼哼.floweray,看过,推荐,2017/1/25 22:37,14,豆瓣8.8真的有点虚高，可能是看惯了日式废材，美式的同类型电影真是看的几度想要入睡。好几次感觉李不是要打人，而是要变身，成为韦恩。想要再说点什么，但是真的无话可说，连个诗都无法勾起。,,
雄一样霸天下,看过,力荐,2016/12/19 1:54,17,生活，是活着的人挣扎着走出来的,,
起床，吃饭,看过,推荐,2017/2/14 9:23,25,四星半，音乐太抢戏了,,
莫戥衘,看过,推荐,2017/1/30 10:32,11,又孤单又浪漫又性冷淡。近年美国这样的文艺片太少了。奥斯卡就站卡西。,,
五色全味,看过,力荐,2017/2/19 2:44,15,看似平淡的生活切片，每场戏的设计却如此细腻、丰富又出人意表，那些看似累赘的场次在我看来却异常精准，非常大胆。心中今年的奥斯卡最佳电影和最佳剧本,,
蔕,看过,推荐,2017/1/31 13:48,9,生活中有些悔恨和苦涩，又怎么走得出来，只有痛着才能活下去。有些镜头不错，穿插叙事方式不错，配乐过重画蛇添足。不适合大过年看呀,,
之晨,看过,推荐,2018/1/25 16:23,26,那笑声不是我的 那歌声不是我的 那忧愁是我的 那苦闷是我的 那海风吹过的小镇，小镇上的房屋 房屋内的主人，主人的小船 小船发出的水声 水声里的热爱，不是我的 葬礼上哄孩子的男人不是我 能相濡以沫的不是我 和昨天拥抱的不是我  在今天把酒言欢的不是我 心比海水更冷的是我 余生随着海水飘荡的是我,,
巴伐利亞酒神,看过,推荐,2017/1/31 20:52,10,这是一部属于悲伤的电影，让人想起《德克萨斯的巴黎》；这还是一部属于冬天的电影，悲伤如那一点一滴侵袭而来的寒意，让整个身心都被冰封了。,,
琴  酒,看过,还行,2017/3/4 14:56,16,一种和过去的痛苦与创伤联系过于紧密的生活其实一直是我回避的题材，线条的单一，声部的缺乏，都会让我很害怕。太直面“人”的片子，需要有很多非人的东西来中和。,,
godannar,看过,推荐,2017/8/28 0:15,8,核心当然是Casey充满说服力的表演，但把这部电影和其它类似题材区别开来的我认为是那份“我不知道能够为这个男人做些什么”的温柔，以及与之相对的“也许我真的无能为力”的诚实。最能体现上述两点的是情节间大量使用海边风景做过渡，并佐以近似白噪音的教堂风格配乐，奢侈地带出大量思考空间。,,
谋杀游戏机,看过,力荐,2017/2/23 1:47,8,as good as dead,,
阿巴厮,看过,推荐,2017/2/12 22:24,16,演得好。角色的苦难太深重了，没有要救赎，只是继续生活。两度落泪，特别是二人相遇场景，又随意又心碎。不过，好像就这样，哭完就没了。,,
支离疏,看过,推荐,2017/1/31 17:38,8,4.5星，没有任何铺垫渲染这种偏硬的闪回剪辑方式，让观众和男主的精神世界尽量保持同步：伤痛的回忆到来也没有预兆和铺垫。—这是他的精神世界的叙事逻辑。最好的是没有什么修复与痊愈的俗套结尾，配乐真好。演员都是顶级表现。,,
bayer04,看过,力荐,2016/12/15 0:11,7,这一周多好幸福。Incendies脑残粉看到降临之后You can count on me脑残粉终于等到Kenneth Lonergan第三部电影了（Margaret看得我好frustrated）。当代最好dramatist没有之一，角色对话冲突全部满分。配乐剪辑神级。又是一个幸福的奥斯卡季，让我默默开心一会儿去。,,
帕拉,看过,推荐,2017/1/14 10:29,9,观影过程中笑声连连但抚不平忧伤调子，这也算导演的作者属性了，忧伤的情绪配合幽默又不失真的生活写实细节，两者融合的很好，不会觉得有冲突。其实导演并没有给主演太多的表现空间，他更注重整体的效果，而不会一直给卡西特写镜头，但的确这个角色容易招人偏爱。[B+],,
月上西河,看过,推荐,2022/1/16 21:17,21,电影的情节是反高潮的，把最戏剧化的剧情一笔带过，将重点放在男主角时刻的隐忍，对外界的封闭，和时不时无法控制的爆发上。电影的内核也是反传统叙事的，抛弃了一贯的成长，和解的套路，选择了截然相反的方式。男主角的内心从始至终暂停在一处，哪怕到最后也选择了逃离。不过，正是这种暂停，封闭和逃离才最大限度的展示了一个人悲伤的浓度。,,
科林,看过,还行,2017/8/15 11:15,8,父位，咏叹调，火灾症候群，冰箱里的鸡=冰柜中尸体。海滨小镇，雪满地、海鸥飞、冰冷刺骨，同样冰冷刺骨的还有李的心，动不动暴动是他对自己的失望、对世界的发泄。沉睡的李梦见了女儿们，惊醒，然后灭火——幸好，他没彻底冷掉。,,
安东,看过,力荐,2017/2/11 23:19,15,直视悲伤比忘却昨天更需要勇气。,,
Doublebitch,看过,力荐,2017/2/1 1:54,8,不错，仿佛在看（微丧版的）是枝裕和。,,
Lycidas,看过,力荐,2017/3/18 17:50,10,@balmes 觉得特别难以承受的是，看着他的生命迅速退却至灰败荒芜，再也无法被救赎，只剩下一场看不到尽头的心碎。,,
小猪大侠,看过,推荐,2017/1/30 1:37,10,阿莫多瓦16年的最爱，情感上十分的克制，没有和解与拥抱，或是所谓更容易的生活方式。有的只是曼彻斯特仿佛永远不会结束的冰冷冬季，和各自被暂停的人生。小米厉害，几分钟的戏把一个复杂的人物演得极其饱满。,,
CPnine,看过,力荐,2021/7/15 21:50,35,不是所有人都能和过去的自己和解。有些遗憾会贯穿整个人生。I can't beat it.,,
雷宝珠,看过,较差,2017/9/10 21:11,17,伪内敛及刻意，还他妈闪回剪辑装高级，我知道你们看似与世格格不入的颓丧青年最容易代入这种电影角色之中,,
尉迟上九,看过,推荐,2017/1/28 9:29,17,放不下的精神包袱，无法释然的伤痛，心疼的隐忍和压抑，最后有点类似凝固许久的颜料终将会在时间里自然化开的意味，情绪一直被强势而动听的配乐牵引着，曼彻斯特冷冽的寒意和弥漫的忧伤，当下与过往的日常点滴交叉进行，卡西出挑而立体的人物形象，再次看到了生活最为真切而纯粹的面貌。,,
幼银,看过,推荐,2017/1/24 22:55,9,生命是一场漫长的告别,,
jiangchenshazi,看过,力荐,2021/7/5 20:36,14,结合时事再来看真是讽刺,,
幽灵不会哭,看过,推荐,2017/1/28 22:10,13,阴冷的海风吹不走，漫天的海鸥带不走的是忧愁，背负沉重过去的人都在寻找新生的稻草，奈何他选择了放逐，剧本处理得不错，许多细节让人感动（救护车的轮子收不上）结尾也将对生活的妥协转化为平淡又随性的相视，回忆的展现很好地契合了悲从中来的感觉，但配乐过于夸张，小提琴声轨显太重,,
牛 牛 嘎,看过,力荐,2017/2/16 21:24,3,配乐不错,,
唐小万,看过,推荐,2016/9/11 4:22,17,这种小片还是蛮得我心的，突然get到了小本的魅力…,,
小妖の七七,看过,还行,2017/2/25 11:18,18,不错,,
街道办爱豆,看过,力荐,2017/1/1 14:52,13,在beekman theatre的午夜场里迎来了我的2017。最大的感触是谁人无伤痛，都是如人饮水冷暖自知。喜欢这部片子是因为它很克制，很“尊重”。I'm sorry I can't beat it. 它告诉你, it's okay. It's okay.,
淋,看过,力荐,2017/1/26 17:55,17,事已至此，很抱歉，所有人都不开心,,
D K U N,看过,力荐,2017/2/3 9:55,8,喜欢这种用淡淡的语调讲着浓稠深沉感情的电影。整部片子没有刻意在任何一处特别用力，但前后的连贯呼应却将这股丧明白无误地传达了出来。Casey和Michelle的表演都非常令人回味。,,
豆瓣路人己,看过,推荐,2017/2/14 10:00,6,I cant beat it。他逃不开的那些回忆，那些他逃开那些回忆的发生地吧。Lee这个角色的后劲比电影本身更强。,,
新桥妖妖,看过,还行,2017/4/8 14:51,6,海边的曼彻斯特并不想离开海边，还有朋友们，谁又想远离朋友呢,,
PetitCerrito,看过,力荐,2016/12/13 1:12,13,Tear-jerking scene with Michelle Williams and Casey Affleck.,,
李九弟Jody,看过,力荐,2017/1/29 2:12,12,For others, LIFE SUCKS and LIFE GOES ON, but you know it's not true. 总有一页是难以翻过而需要逃避的，这不是懦弱。时间会告诉你答案为何。真实细腻自然不做作，感谢呆萌没有接演，活在哥哥光环下的卡西终有大放异彩之时。
毛,看过,还行,2017/2/15 12:11,6,整部电影就像卡西这个角色 平白无故 累赘 毫无闪光点可言,,
突然一朵大荷花,看过,推荐,2017/2/10 13:00,8,必须要接受一点的是，再怎么悲怎么丧的人生，竟然都是正常的。（想再看遍《船讯》）,,
大 蜹 蜹,看过,力荐,2016/11/29 2:04,7,Even if you have nothing to loose in the smallest form of living. 第二遍看完心有点疼。can't beat it.,,
蚂蚁没问题,看过,力荐,2017/8/30 16:41,9,允许不振作允许放弃的电影，我觉得很伟大,,
無,看过,力荐,2017/5/24 16:33,9,火焰在我眼中熊熊燃烧，海水慢慢将我的心淹没，我再也不能呼吸却又不能死去，曼彻斯特的海，我该怎么继续。,,
Jonathan,看过,较差,2017/1/27 22:47,15,这部本届奥斯卡六项提名的大热片属于个人特别不喜欢的文艺片风格，过于零散、琐屑、沉闷和温吞，后半部分完全是快进过的看。我不装逼，所以真看不出来这部年度最佳影片到底好在哪儿。基本锁定奥斯卡最佳男主的卡西也让我看不出来演技好在哪儿。但总比电视里欢乐、聒噪、繁荣但虚假的联欢会好多了。,,
晚不安,看过,力荐,2017/1/29 2:36,8,我犯下了不可饶恕的罪行，我亲手毁了美满的人生。我想我们都是一样的人，无法摆脱往事的阴影。如果生活一定要继续，那只能以痛苦的方式。再也不会出现转机，只能用孤独来惩罚自己。回到伤心之地，发觉无法融入，也已无足轻重。一部诚实、平静而绝望的电影，卡西的冰山脸下掩藏着一个男人破碎的心。,,
南悠一,看过,推荐,2017/1/24 23:32,10,丧逼的人生是个死循环，只有情感的羁绊才能产生涟漪。这片所有的戏也就集中在男主这个情感淡漠症患者身上，中间火灾那段闪回很棒。创作者试图用配乐煽我思考人生，他失败了，可能银幕上看会不一样。2017.08.26，大银幕上果真不一样，哭惨。,,
张春[阿卡纳],看过,力荐,2017/2/18 20:10,14,全国有排片的影院只有百来家，而且量很少，看大银幕要抓紧。这一次虽依然看得很悲伤，但同时又非常舒服。就好像这种悲伤才是理所应当的，自然的。虽然人物并未有一次真正意义的宣泄和救赎，但影片本身如泣如诉，形式补足了内容，我感受到某种安慰。毕竟故事是虚构的，而观众是真实的。,,
纤纤,看过,推荐,2017/6/4 9:55,11,你心中藏着伤痛，时间也未必能够抚平，到生活还要继续，抬眼间茫然无措…,,
vivi,看过,推荐,2017/2/9 21:18,5,3.5 干净的画面、配乐和表演。Michelle Williams很抢戏，不是不好，但重遇前妻那场戏两人对比落差太大、感觉特别糟。看之前无意中知道了“中产阶级伤痛”这个标签，真的全程出戏。这么干净的片子真的哪来的阶级感？,,
宇宙,看过,推荐,2017/2/27 3:09,6,#zimuzu.tv# 4.3 分。老蓝州的白人蓝领，挺惨的，特别是那种无人可怪、却又无法卸下的负担。剪辑不知道高明还是拙劣，但我喜欢；配乐是我喜欢的那类半切题的命运环绕，当然我好像一直喜欢内向共鸣的配乐（不是烘托环境那种）。,,
#NAME?,看过,力荐,2017/2/25 13:57,13,从冰箱里的鸡肉那个镜头开始，情绪跟着剧中人物一起被打开，后半段哭得不能自已。。没有大起大落，没有happy ending，没有从痛苦中释怀——平淡又真实的人生,,
路西法尔,看过,还行,2017/8/6 23:57,7,每次回忆、每个歇斯底里都是因为一个景物，比如冰箱中的肉让帕特里克想起停尸间里的父亲，这点不错，很学院派的范，但也让整个作品太过工整了，加上小本的表演和音乐就更是如此。最近几年的提名都给我这种越来越工整的感觉……,,
大島,看过,推荐,2019/4/21 12:33,20,好似躺在水温刚刚好的浴缸里悲伤,,
4cats,看过,力荐,2017/5/19 2:24,5,哀莫大于心死。马达坏了可以换新的。心碎了呢？幸运点的“做成艺术咯”。大多数人呢，只能去吃屎了。,,
Fiona和平,看过,推荐,2017/2/22 23:41,11,你得特丧，和他丧一块儿去了才看得下去。年轻的时候你有好多事儿：有俩女朋友，有乐队，有船，或者有俩女儿一个儿子，一个妻子一个家。但到了某个点儿，就开始嗖嗖没，如同你总守的电视连续剧，突然停播了，那种确丧，尤其当你发现你还活在现实中，那种确丧，很确定，很丧，拍下来，就成了这部电影,,
自在渍,看过,推荐,2017/2/22 9:32,13,电影的确要一气呵成地看，每天吃饭看20分钟，把一部据说克制隐忍伤感的电影看成了断断续续的生活碎片，寡淡，呵气成冰，感情上隐隐约约触碰到了，又很模糊不清，印象里就是面无表情的人持续生活于灰蒙蒙的环境与心境中。,,
崇子,看过,还行,2017/5/14 14:49,8,怎么说呢，男主的人生，说特别也不是很特别，说普通也不算普通。这种始终站在观察的角度去注视着男主的片子，如果男主的人生不是很带感的话，就有点无聊……嗯，我是说电影有点无聊= =,,
Pirouette,看过,推荐,2017/2/15 18:19,16,”心碎掉就碎掉，碎了也补不回来的；没什么好向前看的，但我不回头。“ ——  for my two years 2014&2015 @HK.,,
Q。,看过,推荐,2017/2/9 4:28,6,一部由诸多无声的瞬间撑起来的影片。也许人的一生大部分就像这般都是由悲伤和遗憾组成吧。★★★★,,
RUNE,看过,推荐,2017/2/21 23:10,11,即使悲伤奔涌而来，日子也依旧平淡如水，这就是生活。,,
东遇西,看过,较差,2017/2/17 11:56,8,两星半不入。看下来颇有些悲喜交集意味，基本的维度算是具备了，但无论剧作还是导演水准都有较大提升空间，如果结构控制更精准一些，镜语表现力更强一些，整体应该会上一个台阶,,
曼靑,看过,还行,2017/3/7 16:03,7,「那些劝我们向前看的朋友，“不是所有人都可以和过去和解”。」这句话应该很好的诠释了这部电影最终想让观众看到的东西吧。整部电影都在下雪，冷飕飕的绝望，简直冷不丁的要被冻得缩一缩脖子。故事并没有讲到我的心里，我也没有像你们一样想哭，所以你们也不要怪我太绝情。,,
谢谢你们的鱼,看过,力荐,2017/2/14 13:50,11,丧得很细腻，丧得很真实，影片是如此让人感同身受地诠释了伤痛，诠释了那种举步不前的心理状态，冷冰冰的冬日小镇中的孤寂灵魂，人生可能真的不会好了，live with it。,,
文文周,看过,推荐,2017/9/2 13:37,4,不是所有人都必须与生活和解。,,
国王KING,看过,推荐,2017/3/29 12:52,7,很丧的电影，很丧的人生。,,
嗔,看过,还行,2017/2/9 23:01,6,为什么一致好评 难道我有问题吗  没有被泪目 全程被强插的bgm烦死了 简直不放音乐会死可见一斑 真想跟弹幕撕逼  以后是不是看个电影都会一言不合就尬舞 真的有问题的是我吗,,
Obtson,看过,推荐,2017/7/31 11:03,8,你绕过的路、抓过的马、开过的枪，都在冷冽的海风里。,,
皮革业,看过,推荐,2017/1/25 20:07,9,可能是小阿弗莱克的巅峰了吧……,,
朱熠,看过,推荐,2017/8/28 22:06,9,四星半。人生可不就是这样丧，没有救赎，没有治愈，没有和解，只有踉跄着拖着无法愈合的伤口行走。,,
蚊多多,看过,力荐,2017/2/14 21:28,8,那个伤口，随着时间慢慢结痂成疤，疤痕底下是回忆的凹陷，本以为不去碰就不会疼，可是有一天不小心撞到这个疤痕，缺掉一块肉的部分突然再次瘙痒，开始肿胀，开始化脓，才知道原来受过的伤要是忘不了，会一直难受。你的痛苦是没办法被人理解的，而悲哀的是我们总期待。,,
spencer,看过,推荐,2017/3/1 2:49,7,他一辈子都不可能快乐，他必须惩罚自己才能活下去。,,
新竹,看过,力荐,2016/11/27 7:56,5,Overwhelming and heartbreaking...會發現忍俊不禁的笑點不算少。但人生自帶的那一抹荒謬的喜劇色彩，並不能令焦頭爛額心力交瘁輕鬆哪怕一毛。走出影院整個人都恍如石沉大海。Life sucks! 所以，相較下我的還不算太糟。,,
