用户,是否看过,评分,评论时间,有用数,评论,
北极熊,看过,还行,2016/3/4 21:02,1303,最精彩的动画是用想象力拍出真实世界难以实现的故事，而不是用动物化填充一段如果是真人就普通到不能再普通的烂俗故事。笑料有，萌趣有，但更有的是莫名其妙的主旋律和政治正确，恐怕没有评分所体现的那么出色。,
﻿悄悄,看过,力荐,2016/3/1 16:55,9439,看过了这一部，我好像能够更坚定地说我会当迪士尼一辈子的粉丝。迪士尼给我们营造的乌托邦就是这样，永远善良勇敢，永远出乎意料。,
张小北,看过,力荐,2016/3/5 10:43,672,迪斯尼最近几年最好的一部动画片。不但娱乐性超强，而且主题和人物的深度也已超过一般动画片的维度了。,
m89,看过,推荐,2016/3/4 11:49,1708,换了新领导就是不一样。迪士尼暗黑大电影，洛杉矶罪案片风格和内核。还真是动物乌托邦，美国针对有色人种，欧洲针对难民，天朝针对公知和五毛吗？人设精彩，细节丰富，但要说创意超《头脑特工队》显然就不实事求是了。,
劈叉叉叉叉叉,看过,力荐,2016/2/26 4:20,7353,无论是人设，世界观，动画制作，还是剧本，都挑不出毛病来啊啊啊！！细节多到爆！！好幸福！！！！>w< 最难能可贵的是配角们的人物性格和形象设置都非常饱满（教父梗好惊喜>< ） 虽然是动画，但是剧本还是隐射很多人类社会的种族问题，以及政治两党上位之争的问题。另外我狐Nick的眼神是在太苏了TwT...,
祥林嫂,看过,推荐,2016/3/2 11:18,11228,树懒太他妈好笑了！！那两分钟我嗓子都哑了！！卧槽！！真是太他妈好笑了！！,
影评终结者,看过,力荐,2016/2/26 10:28,6019,完爆冰雪超能头脑，动物再次证明了动画片不止是给小朋友看的，而是全年龄段和世界级的，尖端数码特技、新意剧情、老梗新用搭配萌Q画风，乌托励志、搞笑温情、自然销魂、阴谋反转，用动物来映射人类，涉及种族歧视和两党斗争，无论从制作技术还是政治倾向或是社会意义来说，基本锁定今年奥斯卡最佳动画,
黄青蕉,看过,推荐,2016/3/7 20:47,5146,港真，面对人家动画片里连一把椅子扶手上的铝合金划痕都做得活灵活现的态度，咱们就默默低头学就好，不要一天到晚吹“国产视效大片”这个概念了，略尴尬,
桃桃林林,看过,推荐,2016/3/4 17:41,4135,不仅是个小孩子玩玩闹闹的喜剧动画，成年人同样可以很享受这个故事。一个动物的乌托邦，理想与现实。有一个有趣的案件，又有很多关于人类世界的暗喻与指涉，还有教父或毒师这样的小梗。以及狐狸和兔子都那么可爱，那么搭。,
羚羊的灵魂,看过,力荐,2016/2/23 22:03,4700,做冰棍那机智的不像话！！！全片最爱！！！想吃！！！,
暹罗copen,看过,力荐,2016/2/28 21:46,2835,哎呀呀~这些年来个人心目中的最佳动画竟然不是皮克斯出品。,
亵渎电影,看过,推荐,2016/3/6 23:34,1665,好莱坞这套讲故事的模式可以把全世界都吃的死死的。,
影志,看过,力荐,2016/3/15 22:55,304,100个人可以看到100种解读，太多细节主题值得称道：重视与忽视、尝试与安定、偏见与包容、恐惧与误会…流俗或新鲜，都在这样一部颠覆性迪士尼作品里放大呈现。“我们都有很多弱点，却也有着更多珍贵的共通” 第一次摸到羊头的狐尼克、睡觉时数自己的羊、爸妈总会在紧急时刻来电…朱迪兔的道歉直接泪奔,
Otocolobus,看过,推荐,2016/2/24 3:47,1055,故事中规中矩，立意却是小孩看了笑大人看了深思的寓言故事。It's a story about minority, stereotype and acceptance. I'm glad disney plants the seed of equality to every child who sees this.兔子跟狐狸是最佳拍（情）档（侣）！警局前台豹子不是gay你找我！迪士尼彩蛋都棒棒的！
周杰伧的小粉丝,看过,推荐,2016/3/8 14:01,812,疯狂动物城最现实的一点在于，兔子想做个好警察，她确实也做到了嫉恶如仇，恪尽职守。但她在面对杀人如麻的黑帮老大时，毕恭毕敬，甚至还成为了老大外孙女的教母，实际上就是认贼作父了。这可不就是最现实的现实。,
迟到千年,看过,推荐,2016/3/1 9:41,576,打分好高啊！每个动物都好像真的存在的人（一开始上班场景里的长颈鹿完全就是李光洙……）（reception的豹子好像我那个很娘的同事……）一开年就赢了，笑点多内涵丰富。,
AuraWang,看过,较差,2016/3/4 19:30,349,我不喜欢 近年来的最差 预告片把笑点亮点都透干净了 视效观感好差 大部分场景在黑夜 3D看得real心累 而且3D很差劲= =本来以为会对真实世界讽喻 结果肉食动物发狂的原因竟然那么无脑 前半段的bully情节 各种过分的嘲讽 兔子绑架狐狸过分 动作场面也拍的很一般 看完只觉得浑身不爽,
艾小柯,看过,推荐,2016/3/19 18:45,81,可谓美国文化与价值观的一次绝佳大放送。故事整体还好，非常美国非常好莱坞，而有些桥段的确绝妙。,
铎奇,看过,力荐,2016/3/5 10:55,576,妹想到，老娘弯了一世，被一只动画狐狸掰直了。兔子我也爱！迪士尼启用女性主演真是太成功了，迪士尼现在从小孩就倡导的男女无差别教育好棒噢。警局前台基佬豹好萌！,
诗人橙子,看过,力荐,2016/2/15 7:14,2475,绝对的好片子 裂墙推荐。实在是因为另一场满了…随手挑了这个片子。真是5分钟一小笑 10分钟哄堂大笑。看那个又懒又慢树獭简直要锤墙了。旁边法国妹子精辟的吐槽！看！这是我们法国人。我要憋到内伤了。最后散场大家都静坐着等着整首歌放完…五星好评。2016年度十佳。,
小斑,看过,推荐,2016/3/2 7:45,3781,故事流程对小盆友来说不艰深对大盆友也不无聊。树懒那段，跟法国公务员打过交道的都会心一笑。兔子的微表情做得很棒。然而对所有的群体标签统一嘲讽的结果就是下意识也贴了标签（比如狐狸必然聪明却捞偏门，兔子一定是繁殖癌，猛兽全是雄性，etc）。最后，可惜世界不是一部迪斯尼出品的动画片。,
云淡风轻,看过,力荐,2016/3/4 3:40,2354,不要看任何影评，如果可以预告片都别看，直接买票就好了。你要啥这电影里有啥！,
tina,看过,力荐,2016/3/1 16:29,2296,赞 看完赶脚世界都美好了,
白桃苏打气泡水,看过,力荐,2016/2/28 16:31,2146,想嫁给又吊儿郎当又酷得不像话的狐狸先生。,
瑾朵朵,看过,力荐,2016/3/5 16:30,620,求同款录音笔！,
CharlesChou,看过,推荐,2016/3/4 15:12,3073,"对比Frozen又是一次进步，但迪士尼家的反转还是太好猜，在最明显的线索被披露前真反派其实就已让人隐隐有种感觉。但抛去这点不看整部电影的主题和执行都堪称模范，还顺带早早地贡献出了今年最佳CP。""You know you love me.""(整个人在椅子上被苏晕",
Marcus,看过,力荐,2016/3/4 2:41,890,赞到惊人，大迪斯尼动画一年比一年精彩！朱迪只身去陌生的大城市追梦，让我又追忆起自己那美好而充实的留学生活了。Sloth们的每次出场自己都要笑到面瘫了！而朱迪跟尼克哭着道歉的那段我也跟着哭了，朋友之间有时候就应该这样把脸拉下来好好道歉！总体反映的各种社会现象以及政治问题都很贴切到位。,
米粒,看过,推荐,2016/3/8 11:06,384,车管所的那些树懒是照着王思聪画的吗😂,
Ramipasu,看过,力荐,2016/2/27 21:56,363,激萌！并且告诉小盆友和大盆友们，不论种族不论背景人(动物)人(动物)平等，即使是弱势群体(请自己代入现实)也不可以搞极端手段来求取认同。,
anewpig,看过,力荐,2016/2/27 16:48,299,很难想象居然是傻白甜的迪斯尼拍的！虽然是动画片但写的用心寓意很深 估计不少成年人能从中有所共鸣... 作为一个加班狗三俗狗花痴狗 喜欢女主家的275个表兄妹 叨叨逼逼的前台和慢到整个世界都不好了的树懒 还有站定了兔子狐狸CP 编剧也是入戏太深 动物裸体天然浴场什么鬼哈哈哈哈哈哈,
梵蒂冈的妇男,看过,力荐,2016/3/5 22:55,305,我希望所有孩子能看着这种电影长大,
芦哲峰,看过,还行,2016/3/10 18:20,245,动画本身是不错的，一贯低幼的迪斯尼，拍出了皮克斯的水准。但是把电影当做传播价值观的工具，是无法令人享受到由单纯艺术带来的更为纯粹的乐趣。这段时间感觉整个世界都在倒退，西方正如《疯狂动物城》一样，从自由选择走向政治正确；而天朝则越来越像《动物庄园》，在大步流星地奔向朝鲜。,
玑衡,看过,还行,2016/3/24 13:20,124,为什么那么多人会认为这部政治洗脑片好看……每一句兔子说的话都是propaganda.,
eita,看过,力荐,2016/2/21 7:40,180,全程笑裂！超慢速水獭素预告片就已经笑死，还有🐑睡觉也要数绵羊的梗啊哈哈哈哈！,
frozenmoon,看过,推荐,2016/3/6 15:50,81,动物乌托邦/反乌托邦，罪案类型，童话，各种萌细节，各种小讽刺，很赞很赞。,
柏林苍穹下,看过,推荐,2016/3/5 0:47,46,“所有动物生来平等，但有些动物比其他动物更平等。”——A面是底层人物翻转世界的理想主义正能量，B面则展现出和谐城市难以根除的族群矛盾阴暗面。乌托邦、乌合之众、美丽新世界······诸多概念化的设定，尤适于观众根据自身的需要进行过度阐释。,
AsuraHu,看过,力荐,2016/3/4 2:06,176,埋梗埋得太开心了！《教父》！《绝命毒师》！迪士尼各种经典！Shakira！种族和政治隐喻赞爆！最重要的是！好！笑！死！了！这对cp超戳我的点！最后一段秀恩爱甜到不行！以后黑人可以用“你调情还不如一只狐狸！”了呜呜呜呜萌哭。,
心生,看过,推荐,2016/3/5 10:53,42,怎么说呢，奥斯卡刚结束，明年最佳动画长片提名已确定一个了，迪士尼动画创作力令人感动！明确影射人间的作品，浓缩不同地貌，不同物种，反差的阴谋。在一部轻松的动画故事里，完成大量讽刺和批判！《教父》又被致敬了哈哈,
shield,看过,力荐,2017/2/15 11:15,15,每个动物形象都特点鲜明,
Stark实习生,看过,推荐,2018/1/27 23:59,82,朱迪第一天工作回来跟爸妈视频那里真的太戳泪点。我们永远都是在外不想爸妈担心的孩子啊。,
Yiklui Cheung,看过,还行,2016/3/7 23:41,20,除去卖萌和各路不同物种设计的梗之外，还是套路，各种套路。一点进步都没有，技术发展与剧本本身的迂腐公式化的停滞拉扯出可怕裂痕。最让我无法忍受的还有作为人类将和平共处的意淫搬到自然界并将所谓“兽性”诟病成“进化”应抛弃的劣根，这点未免太自大。然而就这样的电影居然一致好评才是最可怕的。,
机器猫,看过,推荐,2017/12/20 20:46,77,又搞笑又有教育意义！一只兔子以自己的力量扳倒了恶势力！,
K,看过,推荐,2016/3/6 9:38,55,不得不承认这片子确实好。教父梗满赛！,
朝暮雪,看过,力荐,2016/3/7 20:52,127,“别人家的动画片”。,
九尾黑猫,看过,较差,2016/3/28 15:42,131,不是塞了很多隐喻就是好故事，放在人身上没意思的故事，换成一群外形可爱的动物依然乏味。到最后，可爱变成了刻意，“内涵”变成了说教，几处致敬也毫无新意，乏善可陈。,
邓安庆,看过,推荐,2016/3/6 15:46,64,政治正确的动物乌托邦。步子还可以迈得大一些，比如兔子跟狐狸谈恋爱，生出来狐兔。科技昌明，动物之间可以跨物种而交配，动物城从此多出了各种新型混交物种，从而引发了短时期内的混乱，伦理上的，实际管理上，城市的空间布局上，都会有好戏看呐。,
骨头,看过,推荐,2018/1/30 21:13,65,当时冒着雨去看的，还好没令我失望。很不错的啊。,
青 天大老爷,看过,力荐,2018/3/6 22:46,54,完美。适合各个年龄段,
遇见蓝蓝蓝,看过,力荐,2016/12/25 23:03,14,刷了三遍的动画，没有电影电视还是可以再拿出来看很多遍的作品，画面真的太美，还有全城毛绒绒的动物，太可爱了。最爱聪明善良机智的狐尼克。小孩子可以看动画可以学会不要种族歧视，要正直善良等道理，大人可以深思背后的深意，老少皆宜的电影。迪士尼真的很认真，很强大。,
墨语悠然,看过,力荐,2016/11/1 13:57,20,这部电影我看过两遍，一遍原版，一遍国语。个人觉得这个译制版也很不错哦~剧情顺畅连贯引人入胜，视觉效果也是棒棒哒！每个动物的性格都很鲜明，能让我找到自己或身边人的影子。我印象最深的还是朱迪和尼克，敬佩于朱迪的努力执着，沉醉于尼克的神秘善变~这样既好看又有内容的电影，一定要点赞！,
王xx,看过,力荐,2016/3/11 17:59,24,呜呜呜，是真的好看,
✿Suda✿,看过,力荐,2016/2/28 21:18,896,超~~~~~~~~~~可爱的。大眼睛看得我都化了。一想到未来狐狸跟兔子可能有感情戏，我就hhhhhhhh。那只长耳朵的狐狸和那群二哈狼是我的笑点！！！,
yangbin,看过,力荐,2016/3/4 19:24,411,17年奥斯卡最佳动画，你好！,
尚在影,看过,推荐,2016/3/4 2:34,266,迪士尼这次太会玩，狐狸和兔子都在一起了，你还相信童话吗？故事欢快有趣，情节跌宕起伏，一会一个惊喜，还有好多大家熟悉的梗：let it go、教父、绝命毒师、碟中谍、狮子王，后面还不忘用盗版碟带回大家的回忆。最搞笑就是树懒那段，结局反转的不错，世界观价值观到位，社会意义值得认可！,
王大根,看过,推荐,2016/3/4 20:42,211,除了萌就是萌了！不过剧情简直就是一集加长版的摩登家庭，尤其是那个巨像Cam的豹子,
完达山一号,看过,推荐,2018/1/27 23:41,150,哈哈哈那是我第一次在电影院看动画片，音乐很棒～朱迪和尼克暖的，印象最深的画面当然是银行那里了哈哈哈唉,
木卫二,看过,推荐,2016/3/5 0:40,115,伸出你们的爪，摇起你们的尾巴~树懒啊水獭啊树獭啊水懒啊，就情情爱爱眼睛泪汪汪打转什么的太迪斯尼了，其他似乎都挺好的。,
Wanderer,看过,力荐,2016/3/4 6:50,318,我们也许进化了，但内心深处我们仍旧是动物。偏见，歧视，评价，用固有成见把别人框在小框框里，只是为了自己过的容易一些。那么努力地证明自己是对的，却也不想让别人给自己贴上标签。生活有点疯狂，我们经常会犯错。不管你是哪一种，改变从你开始。,
同志亦凡人中文站,看过,推荐,2016/3/25 12:33,113,动物的人格化很成功，几乎可以直接代入真人来演了。从Frozen到大白到动物城，迪斯尼动画算是找对了类型片的感觉。狐狸和兔子谈场恋爱，光想想都萌萌嗒。树懒那儿直接笑岔～～～,
世界尽头,看过,推荐,2018/1/28 9:38,111,元气满满的朱迪警官真是太萌啦，闪电太逗了！故事和画面都很好，连主题曲都这么好听，真是完美,
岛上的夏奈,看过,推荐,2016/3/29 11:43,128,为什么大家都喜欢树懒啊！最萌的明明是基佬豹子前台呀！,
Peter Cat,看过,推荐,2016/3/8 6:26,59,政治正确本身不应该够成扣分点（主流商业片你还想看到什么呢？不想看政治正确就不要看商业片），但如何植入政治正确则是高下立判功夫。就个人来说，已经好久没有这样被一部商业片满足了。。。让人懒得去挑剔，而不断觉得创作者很聪明。,
水湄物语,看过,力荐,2016/3/11 14:49,159,为什么你们要扼杀一个商业天才啊！！！单日5倍盈利，这是什么样的能力啊？！ 只有我一个人对结局不满意么？,
淡島百景,看过,较差,2016/3/5 12:47,135,感觉这个片的白左癌非常严重啊。,
可可爱爱乔,看过,力荐,2016/3/4 23:01,123,有没有一百星可以打，真该感谢这次是北美同步。我更觉得这是一部电影而不是动画，因为迪士尼构建的世界太真实。往深了看，带偏见做事对人是很不nice的~往浅了看，这样一部好笑又萌萌哒的电影绝对是生活必备。and 要二刷,
lichol,看过,推荐,2017/5/9 9:33,12,用想象力拍出真实世界难以实现的故事,
梦梦梦梦,看过,力荐,2017/4/2 10:21,20,很好看啊，音乐好听，特效也很棒，还挺好笑。,
遇见彩虹🌈,看过,力荐,2017/11/4 21:17,71,剧情出乎意料的不简单。朱迪的成长经历相当励志了，一只有梦想的兔子。场景也让人目不暇接，剧情节奏紧凑，笑点很多。闪电树懒那段真是乐死了。,
二丫主张,看过,推荐,2018/1/29 21:52,76,原来兔子和狐狸的CP也可以这么萌，既有搞笑元素又有惊悚元素，大人小孩可以一起看的有趣动画片。,
多看电影爱电影,看过,力荐,2017/1/11 10:50,18,超级喜欢，年初看的，喜欢了一年，尤其孩子十分喜欢！,
情不可说,看过,力荐,2018/3/28 11:48,17,细节很赞,
张小瑾,看过,力荐,2016/3/2 23:19,103,这是2016年迄今为止看的最棒的一部动画！有笑点，树懒激萌，全场都是要哭了！教父还有breaking bad的模仿梗也特别赞了！有泪点，来自不同圈子的友谊的摩擦！还有深思！,
Dr.Ray,看过,力荐,2016/3/4 22:59,101,9分。进击的迪士尼！说是神作也不过分~Zootopia才是更适合它的名字：把现实世界与动物城完美转换，各种致敬与隐喻讽刺包袱萌点应接不暇，几乎从头笑到尾！人设太迷人！如此大的野心，让大人孩子各取所需！得承认是有一些套路的东西，然而看完全片，你打高分的冲动根本按捺不下啊！,
深深的蓝,看过,力荐,2016/3/4 2:16,86,这部动画不靠卖萌取胜,
东篱,看过,力荐,2018/1/28 19:24,91,树懒实在太搞笑啦～哈哈，风靡一时的表情包，朱迪和狐狸先生好可爱,
冰拿铁,看过,力荐,2016/3/3 1:27,78,喜欢每一个人物啊！老是期待兔子和狐狸有点感情戏什么的~~~树懒慢到整个世界都不好了哈哈哈哈,
小岩井,看过,力荐,2016/3/14 2:02,82,谁都不知道我为何一个人在电影院看这部电影看到哭，人生的机遇，真是充满讽刺。,
卢十四,看过,力荐,2016/3/11 22:32,63,看《疯狂动物城》，感觉就像看乔峰打太祖长拳。都是最普通最寻常的套路，硬是打出了武学名家毕生追求的至高境界。,
安德烈大叔,看过,推荐,2016/3/4 22:04,45,作为一部动画它表达的足够多足够深了，人类社会的各类偏见和歧视要是真像电影里那么容易解决就好了。虽然一开始就猜到谁会成为大坏蛋但是基本不影响观看，因为细节太丰富。教父那段笑抽了，可是电影院似乎只有我在笑，可见我有多孤独。,
蜉蝣,看过,推荐,2016/3/5 19:26,10,“你说羊失眠的时候会数自己吗？”哈哈哈哈哈哈哈。迷影梗加分。期待过高，其实就还好啦。,
帕拉,看过,推荐,2016/3/12 21:22,9,虽然还是励志萌系路线，但可以感觉迪斯尼明显长大了。故事也算峰回路转，经典电影的戏仿还挺有意思的。熊孩子估计看懵了，全场出奇的安静...[B],
花落  思量错,看过,推荐,2017/1/22 20:13,11,看过很多次了，女儿是看了一遍又一遍啊！看不够，别的就不说了！,
冰红深蓝,看过,还行,2016/5/22 17:39,17,迪斯尼又一次成功的美式主旋律价值观营销。形式还原为真人电影则仅是平庸俗套的侦破片，社会拯救与小人物自我救赎叠加。动画包装后的所谓反差萌和致敬梗并不曾打动我，反而兀自怀念起[木偶奇遇记][无敌破坏王]的真诚。多重比较之下，皮克斯的大部分作品亦显然棋高一着。（7.0/10）,
feifeiRun,看过,较差,2016/3/7 9:25,19,不是我故意唱唱反调，只是动物托邦强行粉饰动物庄园到了不惜“请和食物做朋友”的地步实在令人不愉快，结尾那场歌舞秀和五十六个民族是一家的大联欢实则毫无区别，迪斯尼的美式民俗汇演并不能掩盖其下残酷真实的问题：究竟谁是野蛮？谁又是文明？,
mumudancing,看过,还行,2016/3/22 20:20,18,过分政治正确就无趣了。,
陆钓雪de飘飘,看过,推荐,2016/6/22 3:47,19,隐喻很多，操得一手好现代政治哲学，把马基雅维利和霍布斯充分用起来了。结尾微弱，大概迪斯尼视域总不出现代自由主义吧。大抵还是乔治·奥威尔《动物农场》那句话更为贴近现实：所有的动物都是平等的，有的动物比别的动物更平等。最爱的还是教父和树懒两个段子，后现代戏仿很到位不下姜文，美国特色吧,
默默的蘑菇,看过,推荐,2016/4/9 8:50,15,还不错，看着不会觉得浪费了电影票，不过迪士尼动画电影剧情依旧单薄,
Bless_U,看过,还行,2018/1/5 21:01,128,树懒真的超级搞笑，哈哈哈，不过狐狸形象不是很喜欢，觉得跟兔子没什么cp感。,
吃薯片的猫,看过,还行,2018/1/26 14:25,81,典型的美式说教文化输出电影。,
炫3D,看过,推荐,2017/5/12 14:55,25,成年人，却喜欢在这样的动画片里找快乐和哲理。,
波波维奇,看过,推荐,2018/3/29 22:45,33,虽然又是一次政治正确，但看完后觉得整体挺好，小动物的设定很好，主题曲不错，适合全家去看的。,
迷宝,看过,力荐,2016/3/4 20:59,41,好看哭了！但是树懒要红了，不开心！,
обломов,看过,较差,2016/5/21 11:04,16,如果把狐狸等等食肉兽换成绿教徒，泥萌还会觉得萌吗？,
��,看过,推荐,2017/3/23 19:10,9,我跟我朋友看了一遍又跟我侄子看了一遍，哈哈哈哈挺好的,
黄小胖,看过,推荐,2016/3/13 16:21,17,一部春风化雨，紧扣美国国内外焦点的进步主义主旋律电影；一部除了某些笑点和卡通形象设计之外剧情和人物形象十分老套的动画片。可能因为拍成动画片，卖个萌，那种宣传说教的意图就不那么让人尴尬了。Try everything? Why not try Trump?,
翠蝶🌸羽生✨💫,看过,力荐,2018/4/9 11:49,12,在动物城每个动物都有无限可能，挺佩服兔子朱迪为了实现自己当警察的梦想拼尽全力最后实现了梦想，又为了动物们的安危发挥自己的潜能，真棒！,
麦垄风来翠浪斜,看过,推荐,2017/12/20 0:12,85,怎么说呢，对于里面的树懒先生，因为我是他的迷妹，我对他的喜爱只能用啊啊啊啊啊啊啊啊才能形容了。,
琦殿,看过,推荐,2016/3/4 16:17,65,兔子和狐狸没有CP感啊！,
大时代.歌姬,看过,推荐,2016/3/5 22:23,47,好莱坞的政治正确病简直到了晚期……,
縄鸊。,看过,推荐,2018/3/27 8:01,55,挺好看的，喜欢给闪电取得这个名字，反差萌！,
jiojio,看过,力荐,2016/3/1 23:20,124,简直就是布鲁克林奶奶动画大电影啊！Jake狐和Amy兔！,
夏了夏天,看过,力荐,2016/3/3 11:12,110,卧槽！！！简直就是惊喜不断啊~~~~,
yiS,看过,力荐,2016/3/4 23:03,265,看完之后朋友问了一句，如果这部片不是动画，还能过审吗？的确，在越发压抑的审查制度下，这部片能突围，实在很难得，很值得一看！,
后天的雨,看过,力荐,2016/11/1 19:37,23,迪士尼的动画总是在水准之上的，这一部更是完全不会让人失望。影片构造了一个简单美好而又残酷真实的动物城，不同人眼中看到的它是不一样的，孩子眼中的是充满童真乐趣的，而大人们呢，看到的是各种对现实世界的隐喻。这是个成人童话，是只要敢想勇于去挑战就是成功，是正义终将战胜邪恶，的乌托邦。,
介意,看过,较差,2016/3/25 23:58,13,強者憑藉改良舊有的刻板印象製造了全新的政治正確。,
曜晶75,看过,力荐,2017/3/17 17:37,11,“闪电”承包了绝大部份的笑点，一部融合了想象与现实的电影。动画制作水平达到了新的高度。,
北山公园,看过,力荐,2016/9/21 7:13,20,迪士尼每年都有好看的动画电影，没去影院看3d版真可惜,
曾于里,看过,力荐,2016/3/8 17:23,10,真是美好之极的电影啊，其实就像儿时的童话故事，告诉我们真善美。即便真实的世界更复杂更残酷，但我们的内心当中总要留有善的底子,
傻白甜,看过,力荐,2018/2/4 23:25,70,这是我看过最萌的身高差了！好看到爆炸，有梦想的人是幸福的！还～有～树～懒～那～里～真～的～是～笑～尿～了233333333333,
姨妈的鸭,看过,力荐,2016/3/8 22:17,81,消除动物偏见从你我做起：我是鸭子我也可以是女的。,
栗,看过,推荐,2016/3/7 10:22,46,当兔子柔情地将爪放在狐狸的爪上，狐狸假装不动声色缩回，我的脑洞已经不受控制了。怎么讲，狐狸和兔子之间显然弥漫着男女的张力，但最多友谊一场，毕竟不符合世界观，这种似是而非的微妙恰好击中了我。,
小约翰子奇,看过,力荐,2016/3/4 11:47,61,我们要尊重彼此的差异，而不是给食肉动物贴上野蛮的标签。狐狸尼克实在太酷太暖了。朱迪道歉那里它背对着用胡萝卜笔录下录音，然后说一些很苏很调皮的话。最佳拉风朋友非你莫属。,
弄樱,看过,力荐,2016/3/5 12:02,53,觉得动画越来越适合表达抽象主题了，真是人类演员没法做到的。觉得会是年度动画片+政治片最佳。,
古尔齐亚,看过,力荐,2016/3/13 18:41,60,水獭对政府效率的比喻简直可以给满分,
狗骨头,看过,力荐,2016/3/4 23:06,58,我只能说，妈呀，也太好看了！从冰雪奇缘开始，迪士尼就不满足于只做普通的童话故事了，里面剧情各种反转，结局意想不到！,
baochen,看过,推荐,2018/2/12 19:09,70,很療癒的電影,
嘟嘟熊之父,看过,还行,2016/3/6 17:10,22,民主党可以直接拿去当竞选视频，可阶级这回事真的不是单纯一个乌托邦就能解释的。剖析人性难，煽动人心易，要说这片子好过千与千寻，我真的想一头撞死。,
bamboo,看过,力荐,2016/3/12 23:30,17,又一次美国梦的歌颂以及多数人暴政的反讽（上一次还是蝙蝠侠？）,
有心打扰,看过,力荐,2016/3/5 23:30,15,1.好玩有趣，寓教于乐；2.黑暗料理上面覆盖一层奶油冰淇淋；3.没有人的世界却到处有人的影子！,
結,看过,还行,2016/3/12 10:03,11,中规中矩的商业电影。有必要这么叫好吗，黄色字幕差评看不清楚！,
沈贵人的酒,看过,力荐,2018/3/6 22:44,63,树懒承包了我所有的笑点！！！我也想像兔子警官一样执着追梦，即使困难重重，也勇敢向前,
囧之女神daisy,看过,推荐,2016/5/22 22:06,36,是挺好的，但被你们说的太神了吧····,
温言,看过,力荐,2016/3/5 22:03,45,我只想知道，如果移民动物城，我可以嫁给狐狸嘛？！？,
相逢何必不认识,看过,较差,2018/1/17 21:15,77,树懒英俊潇洒打两颗星……剩下的一文不值。推荐泥萌去看了不起的狐狸爸爸，哈哈。,
小波福娃,看过,力荐,2016/3/12 21:14,35,1)zootopia其实不是动物乌托邦，应该是动物园乌托邦，区别在于动物园本身包含了一种秩序格局和权力分配；2)明明是反刻板印象的动画片，各种笑点全部都要靠刻板印象来制造；3)兔子不是警察嘛，居然当了黑帮老大女儿的教母，黑白两道通吃，细思极恐。政治正确能拍这么有趣也是难得，很好看。,
小痕呀,看过,力荐,2018/4/4 22:16,20,是那种在电影院哈哈哈哈哈哈完，回家咂摸咂摸还挺有深意的那种喜剧动画片，我很喜欢，里面每个动物都塑造的非常立体，可以说是人类社会的一部分影射。,
齐木楠雄,看过,推荐,2016/3/8 15:36,22,总体来讲还可以，但没有觉得值得接近满分这么高分啊，没觉得比其他好莱坞动画好多少，为何如此受到迷之追捧……狐狸挺苏的，兔子说食肉动物本性和最后开走整个火车头差点导致证据全毁的时候真是猪队友，树懒的部分最好笑,
甜椒Oli,看过,推荐,2017/4/2 11:47,16,天知道那时候我有多讨厌动画片。可是我小姨不厌其烦一遍遍的看,
新桥妖妖,看过,推荐,2017/4/18 13:55,9,超级喜欢树懒，萌萌哒憨憨哒，小盆友看了也知道有梦想就该去追。,
.L.,看过,还行,2016/3/17 13:02,18,很一般啊 就是美国动画片水平 不知道为什么评分高得那么离谱,
远子,看过,还行,2016/3/17 19:56,17,好莱坞的动画片细节总是很耐看，也做得越来越精致。但主题似乎永远是主旋律的，给人一种量产品的感觉……,
风信子,看过,力荐,2018/3/30 7:35,36,超级温暖超级励志超级治愈，心情不好时的观看最佳选择。,
慕詩,看过,力荐,2016/9/26 14:45,19,适合跟小朋友一起看，很萌很可爱，场景效果很好！,
大-燕-威-王,看过,力荐,2017/9/2 16:30,28,这部片子让我想到一个体制内的同事，他的想法是：动画片就是给小孩子看的，而且多数三观不正，他将来绝对不会让自己孩子看动画，要从小给他们进行爱国主义教育。他刚结婚，正在和他媳妇备孕。讲真，我真同情他们未出生的孩子。,
橘猫爱吃鱼,看过,力荐,2018/3/29 10:11,30,一部非常具有现实意义的动画片，情节很有张力，值得一看。,
美神经,看过,力荐,2017/8/1 22:50,18,最喜欢兔子朱迪了🐰,
百骨金titi,看过,推荐,2017/12/20 8:35,61,在网上看过，很萌很搞笑，喜欢😊,
绿酱（已带电,看过,力荐,2016/3/6 16:51,12,超好看的呀！看看人家这主旋律片拍的，阻碍民族大融合的必须原罪了。怀揣梦想来北漂(？！)的妞儿遇上nyc(？！)老炮儿，必须擦出激情火花了呀。,
符小离不是兔妖,看过,力荐,2018/4/3 10:08,9,超可爱的兔子和狐狸！！我喜欢闪电啊，太搞笑了。,
肖恩恩恩恩肖,看过,力荐,2016/3/6 20:17,26,拍成这样，世界观，故事性，深层寓意全都有趣且无可挑剔。这就是本事。而且本篇逃过了一个窠臼。它没有设定一个感天动地的泪点时刻。全都点到为止，出电影院的时候，觉得自己被当成一个孩子在取悦，同时被当成一个成人在尊重。,
能工巧匠沙门哥,看过,还行,2016/3/8 10:29,163,有一个问题，动物城里的肉食动物们吃什么肉？,
内陆飞鱼,看过,推荐,2016/3/26 18:14,34,讲了一个村姑进城打工的故事，爱笑的姑娘运气都不会差，说的就是兔子朱迪。台湾版角色翻译好，狮明德，志羚，洪金豹……这个我喜欢。,
宁宁,看过,力荐,2018/4/1 23:59,24,喜欢兔子和狐狸的组合，剧情很幽默，动画制作精良，给人留下深刻印象！必须五星！,
风信子,看过,力荐,2018/3/30 7:35,36,超级温暖超级励志超级治愈，心情不好时的观看最佳选择。,
慕詩,看过,力荐,2016/9/26 14:45,19,适合跟小朋友一起看，很萌很可爱，场景效果很好！,
shininglove,看过,推荐,2016/3/4 12:01,33,用动物城类比人类社会，以甜蜜蜜的成长童话开始，层层剥开黑暗内核，我们总是太容易下标签以偏见待人，野蛮不是洪水猛兽，有色眼镜才是。世界观设置，价值观传递，软实力得益于多元宽容的社会氛围，这是赵国人可望不可即的。,
喷子,看过,很差,2016/3/23 23:49,141,白男意淫新高峰。明确的种族与身份划分，且几百年前血腥屠戮不该影响几百年后和平共处（继续奴役）。白男成功学贩卖，乡村有色裔女性无比向往的X国梦实现。市长是无辜的，警长是用心良苦的，小流氓是心地善良的，人性化背后是现有权力结构的巩固确认。树濑呢，不过是再次对少数族群做出番温和取笑罢了,
大-燕-威-王,看过,力荐,2017/9/2 16:30,28,这部片子让我想到一个体制内的同事，他的想法是：动画片就是给小孩子看的，而且多数三观不正，他将来绝对不会让自己孩子看动画，要从小给他们进行爱国主义教育。他刚结婚，正在和他媳妇备孕。讲真，我真同情他们未出生的孩子。,
橘猫爱吃鱼,看过,力荐,2018/3/29 10:11,30,一部非常具有现实意义的动画片，情节很有张力，值得一看。,
苏幼,看过,推荐,2017/2/21 15:31,22,看完后觉得整体挺好，里面的人物设定真心有心，主题曲和插曲还不错，是值得去看的,
股神看不懂,看过,力荐,2016/11/1 13:26,22,十分精彩，遗憾没有去电影院看，动物画的都很还，超爱狐尼克太像我银桑了,
左胸上的吸盘,看过,还行,2016/3/26 21:49,12,方方面面的精致，流畅好看，卖萌的暖心主旋律。,
kiki204629,看过,力荐,2016/3/5 23:04,12,悬疑侦探神马的真是太对我胃口了。神勇女干探+小痞子联手破奇案，连大Boss都是反差萌，无论是剧情、节奏还是笑点都灰常棒，政治隐喻种族偏见告诉我们这世界没有乌托邦，和谐的前提是尊重和平等。P.s.【教父】那个梗连给鼹鼠配音都好像马龙•白兰度附体，教父级的黑道太讲究了。,
Chloe,看过,力荐,2018/5/3 14:54,11,超好看，兔子跟狐狸的爱情很新颖，之前电影院效果可以说是很完美了，18年重温一遍，树懒先生依然我爱豆本豆😁😁,
荔枝蜜薄荷苏打,看过,推荐,2018/1/28 16:22,52,非常棒的动画片，寓娱乐和教育于一身。,
幸运遇见你,看过,还行,2017/3/8 10:47,12,总该还是要有梦想的吧,
幕天席地,看过,力荐,2017/4/2 9:53,10,朱迪和尼克，很难见的题材，还这么好看，老少皆宜,
顾俏乜,看过,推荐,2017/6/6 21:43,20,看似软弱的，往往很强大，看似天真无邪的人，往往伪装的很好。,
夏树,看过,力荐,2016/3/6 2:18,30,我想不出一种形容，能把这部电影和其他【好看】的电影区分开。是不能用语言形容的好看。狐狸和兔子的角色设定也是意味深长，影片三观极正。夏奇羊的演唱会上四只伴舞老虎，完美还原了现实里diva们的肌肉男舞团。以及，警察局的豹子前台，兔子隔壁很吵的邻居，估计一定可能绝对是同性恋没跑儿了……,
你在百花深处,看过,力荐,2018/1/8 13:12,116,超喜欢的一部电影，百看不厌，喜欢兔子和狐狸的cp啊啊啊,
方悄悄,看过,推荐,2016/3/6 20:22,34,真想在影院看宫崎骏啊,
匡轶歌,看过,还行,2016/4/24 23:52,33,So，那些食肉动物吃什么肉，成了一个困扰我的问题。,
潇湘烟雨,看过,力荐,2018/3/26 10:03,33,动画形象生动有趣，情节幽默搞笑又富有深意，兔子和狐狸的组合也很有新鲜感，期待第二部,
大聪,看过,力荐,2016/3/4 6:53,33,《疯狂动物城》的英文原名叫ZOOTOPIA, 是UTOPIA（乌托邦）的英文名词演变过来的。乌托邦的意思就是理想主义的共和国，转变成ZOOTOPIA后让所有动物们和谐生活是这部电影最大的创新背景。用全家老少都能看的喜剧方式呈现，最后让大家捧腹的同时好好思考当下我们自己相互的高低贵贱你白我黑他黄的问题。
纤指十三,看过,力荐,2018/3/29 22:40,28,经典动画电影，兔子狐狸cp炒鸡可爱治愈啊,
呆萌小七,看过,力荐,2018/3/29 22:30,25,特别好，适合大人小孩一起看的动画，惊险刺激特效也棒！,
闫妮,看过,力荐,2016/3/10 21:08,16,猴猴看！！,
麻绳,看过,力荐,2016/3/8 20:24,18,好看到不可思议，一个菜鸟警察破奇案的俗套故事，能够在观赏性和主题多义性上做到这种地步，迪斯尼的想象力实在太伟大了。,
风间隼,看过,推荐,2016/3/4 22:12,16,蛮可爱，最爱树懒“闪电”。主题充实、细节饱满，把陈腐的各种政治正确性包装在爆棚的想象力里。“乌托邦在每个人心中”也可以被解读成“乌托邦这年头只能拿来哄孩子”。有前传的话没准可以拍一拍“文明社会”是怎么在争斗中建立起来的，那一定是个能吓死小白兔的故事。,
美神经,看过,力荐,2017/8/1 22:50,18,最喜欢兔子朱迪了🐰,
文泽尔,看过,推荐,2016/3/7 20:28,9,看完回来了 不是马男型致郁 不是奥威尔的徒子徒孙 每种动物的行事方针也没标签化 而是正能量+歧视链+辐射致敬？（尼克、地铁和尸鬼）+主角上帝视角开挂 说儿童世界观养成有点过了 剧情其实就是扮猪吃老虎做上联求下联 全动物拟社会设计 完成得细致有趣 本子张弛有度有条理 萌与爱恰到好处,
红豆粥,看过,推荐,2017/5/11 17:06,7,这部剧我是有话要说的 有时间写个长评！,
Obtson,看过,推荐,2016/3/7 16:51,12,实力撩妹阵营又添无敌苏标杆猛将，资深萌宠死忠再陷真难选圈粉抉择。伪政治寓言撒了一张大网，反丛林法则洗了一手好地。,
巴伐利亞酒神,看过,推荐,2016/3/5 21:14,10,傲慢与偏见是不可能真正消除的，一如人类在撕逼中不断繁衍文化那般，这便是可爱的荒谬的现实。开头和结尾还有不少火车元素，好评。,
花衬衫,看过,力荐,2018/2/14 18:18,53,兔子和狐狸，朱迪和尼克，这一对太萌了！还有树懒说话慢吞吞，特别逗！,
Swirlix,看过,力荐,2016/3/26 21:31,23,确实是一部老少咸宜的作品。拟动物的故事其实讲的都是人类啊。小朋友看见友谊和梦想。大人看见政治 偏见 人性。可是一个城市怎么会有四种气候呢2333,
Vamei,看过,力荐,2016/3/4 9:18,31,一个富有温情的政治寓言,
豆友172350963,看过,推荐,2018/3/27 19:06,24,有笑点有萌点而且很能戳到我，真是要什么有什么，更像一部成人世界的童话，耐人寻味，迪士尼制作太精良了，细节控的超级福利，致敬教父那里好有趣，树懒看一次笑一次，兔子励志，狐狸太会撩了，最爱他一脸懵逼的表情。,
柴斯卡,看过,推荐,2016/3/5 3:21,29,黑色电影啊 剧情走向很好猜 但人物很扎实 很棒的色情片 本质上还是讲 各民族团结友爱的 主旋律电影 其实特别适合小孩 这个视角能涉及些 恐怖袭击 政治斗争 光荣与梦想 少数与多数 之类的 细节极端用心 有些桥段得默默抄来,
LORENZO 洛伦佐,看过,力荐,2016/4/16 6:34,24,拖到快下映才去看，真是精彩！打五星献给愉快的观影过程，世界观，人设都太丰满了。最爱的其实是狐狸，树懒像是曾经拖延症的自己，而兔子这么正能量真是元气弹。故事特别紧凑，一波三折，看完好满足。,
纤纤,看过,推荐,2017/4/20 11:41,18,通过动物拟人的让观者相信努力改变没有错。,
��天神的审判,看过,推荐,2018/4/1 17:28,20,不仅仅是部动画片，挺有内涵的。兔子朱迪勇敢坚强为了自己的梦想一直很努力，狐狸尼克虽说看着不象是好东西但是它一直在帮朱迪，看着最善良最好的绵羊居然是最坏的，所以告诉大家看什么都不能只看表面，要透过现象看本质。,
蓝色啄木鸟,看过,力荐,2017/1/6 20:56,18,2016最喜欢的动画电影，节奏快，人物清晰，当然意味更浓！你想怎么看都行，轻松的话就当动画看，每个动物都挺可爱；细品味就会有大事件联系！总之推荐！歌也蛮好听！,
btr,看过,还行,2016/3/14 20:00,19,一个被迪斯尼萌化的、精密计算的好莱坞式美国梦英雄电影。萌的陈词滥调比陈词滥调的萌还是稍好一些（满脑子都是树懒树懒树懒树懒树懒树懒树懒树懒树懒）。,
LEMON,看过,推荐,2017/5/5 21:30,16,这不仅仅是一部动画影片，不同年龄段的人看到的东西不一样，儿童看到的是可爱有趣的动物，青年人看到的是努力奋斗追求梦想...,
伊谢尔伦的风,看过,力荐,2016/3/5 19:28,26,萌萌小兔子（不能说cute！！）和Han Solo气质的狐狸太萌啦，绝命毒师梗和教父梗笑死我……,
庄小龙也有尾巴,看过,力荐,2017/3/17 15:39,16,看疯狂动物城全程星星眼 太好看了 最简单粗暴的理由就是对毛茸茸的东西完全没有抵抗力啊 剧情也很赞 关于平等关于梦想  还有国语版的配音兔子和狐狸的都好熟悉啊  再次陪姐姐家小朋友一起看我还是星星眼,
荔枝超人,看过,还行,2016/3/13 20:49,20,在想尽办法去娱乐小朋友这件事情上，迪士尼值得所有电影厂牌尊敬。,
二月鸟语,看过,推荐,2016/3/4 9:29,19,8.8，把动画片当类型片拍的剧作教科书，代入感很强，细节也棒。不少片段和造型致敬了太多电影，梗太多，诸如【教父】【阿凡达】【绝命毒师】【狐狸爸爸】【金刚】等等。用悬疑探案片的外壳讲了一个不仅只有成长的故事。其实在字幕前有半个彩蛋，看你能不能get到了，夏奇拉的主题曲也超棒。,
雨果,看过,力荐,2017/1/2 9:05,25,朱迪跟尼克哭着道歉的那段我也差点哭了，朋友之间有时候就应该这样把脸拉下来好好道歉！总体反映的各种社会现象以及政治问题都很贴切到位。好喜欢Nike，又坏又聪明，拽拽的！,
��Psyche,看过,还行,2016/3/12 10:56,21,华特迪斯尼当初在白雪公主中传达的童话意识形态已经完全崩溃，zootopia是一部被成年而现代的意识形态占领的现代城市，虽然都是穿着衣服的小动物故事，但这明显是更靠近奥威尔《动物农场》的作品，当童话人物成为现实符号的时候，波兹曼叹惋的“童年的消逝”真正来临。自此童话中再无童年，人类不再天真,
伍德与夏洛蒂,看过,力荐,2016/3/11 1:50,20,在致敬了美国电影电视史上如数家珍的经典桥段和搜集齐最具代表性的讨喜人设后，迪士尼迎来了毫无疑问的大丰收，虽然骨子里还是美式大融合，种族大照应。但是用心到这份上，不给个满分也是天理不容了。教父毒师夏奇拉树懒亮点太多说不完，只。。能。。用。。二。。刷。。来。。爱。。护。。你。。了。。,
狗富贵,看过,力荐,2017/7/10 9:56,13,有很多搞笑的小细节，场景做得也很梦幻，整体满分。,
Olivia,看过,推荐,2018/4/1 12:51,19,原本厌倦迪斯尼作品的三观，被强行安利才看了此片，看后印象稍有改观。虽然照例有个人英雄主义+草根乌托邦励志，好在阴谋反转可看，狐狸男主、反差萌邪恶小狐狸、水獭、豹警官人设不套路，挽回了烂俗即视感。原剧本其实主角不是兔子，是狐狸男，为进主流市场才生加个套路兔女主，强推政治正确扣一星。,
ceci🍰,看过,力荐,2018/4/4 8:06,27,精良的制作，赋予动物人性的特点，幽默搞笑的剧情又不缺乏教育意义，强弱与善恶并没有必然关系。,
mOco,看过,较差,2016/10/5 21:57,17,虽然有政治正确的隐喻，但是这碗馊鸡汤真的好喝？！,
吃瓜少年,看过,推荐,2016/9/15 10:22,15,现在才看是不是有点落伍了。可以看作阖家哈哈哈的搞笑动画片，也可以当作一大碗励志鸡汤干下，更有人说故事里有对现实的种种隐喻……这就是里面说的无限可能吧。反正也只是想在周末看部好看点的电影而已，最后发现还是动画片踩到雷的概率比较小,
刮刮油,看过,力荐,2016/3/15 0:16,30,这…个…我…给…五…星…,
大志的小耳朵,看过,力荐,2016/9/5 8:58,16,好看，不得不说迪士尼的片子就是有质量保证，不管是效果还是剧情，各个方面都很棒。,
途经一个你,看过,推荐,2017/5/8 20:17,12,为狐尼克爆灯！！！无形撩妹最为致命！好想吃那个爪爪冰棍！可爱死了！,
周沐君,看过,还行,2016/3/5 13:29,29,美国人对多元主义的“乐观”真是让人有点消受不起。。。,
SnowDean,看过,力荐,2016/3/4 23:04,29,看了树獭的预告进电影院，果然整部电影最大的笑点就是这！还有很多很萌的小动物！线索层层推进，伏笔层出不穷，开头融入漂泊者的心酸，共患难友情拿捏的刚刚好，结尾常见的阴谋意料之中。隔壁美人鱼的故事叙述能力简直弱的一逼不忍直视。,
刘康康,看过,推荐,2016/3/13 1:44,15,真正高明的地方在于，在能指与所指之间进行了含糊的处理。草食动物和肉食动物这对列维斯特劳斯所提出的典型二项式，在故事中究竟所指为何？导演刻意混淆在一起，以便于各种解读都能达到政治正确的安全性，这比起弗兰克卡普拉当年用男人代表中产阶级、女人代表富裕阶级要高明得多。,
欣欣向荣,看过,推荐,2018/1/22 11:14,85,真的很好看，主题曲也好听，就听着这个歌跟着兔子来到了城市遇见了狐狸，印象深刻还有树懒闪电，好看的动画电影,
愿赌服输,看过,推荐,2018/2/5 12:55,84,还是很好看的，日常治愈，海獭盖章和打字慢的笑死了，哈哈哈,
邓若虚,看过,力荐,2016/3/6 12:07,15,特别好看，说是“迪士尼最好的动画片”是不过分的。小孩子可以看“树懒”式的好笑桥段，那些关于种族的讨论也能满足有更多“严肃追求”的成年人的品味。而且这不是那种碰巧的好，而是“有公式”的好，哪里应该有什么，哪个笑话怎么讲，都已经被他们探索得很简单清晰了，以后应该也会有更多类似作品。,
易水寒,看过,力荐,2016/3/6 14:37,15,You can't call a bunny cute, but a bunny can call another bunny cute.
扭腰客,看过,力荐,2016/3/11 1:53,15,暖男狐狸追梦兔，憨gay前台羊黑幕。以及，嘿，你，要，二，刷，吗~~~~,
申公豹,看过,很差,2016/3/4 23:10,20,迪斯尼你们这群毛孔里都流黑水的渣滓们！白左都要死！,
西楼尘,看过,还行,2016/3/4 21:05,19,告诉我，警察局前台的萌贱小豹真的不是以岳云鹏为原型的吗？夏奇羊和夏奇拉又是什么关系，效率感人的车管所树獭一个字一个字往外蹦的时候，笑出的眼泪把3D眼镜都弄花了。层次分明城市的设定颇费了一番脑筋，微距般的迷你区块很有特色。人设其实仍未逃出窠臼，悬案也让人一眼拆穿。系列首作完成度不错。,
godannar,看过,较差,2016/6/10 18:33,13,如果说Frozen是在放弃传统，Zootopia则干脆就是在逃避传统，就这点上看机动条子TVA和逮捕令真是高到不知哪里去。也别拿童话来做挡箭牌，文艺复兴后迪斯尼从来没拍过童话作品。,
biang,看过,推荐,2018/3/27 19:08,17,豆瓣评分9.2，几乎可以说是全球一致好评。虽然整体格调偏向于传统叙事的动画电影，但凭借笑点密集，节奏明快，以及人设、立意、特效、剧情统统有惊喜，再次证明，动画电影不仅仅是拍给小朋友看的,
青貓,看过,力荐,2016/3/4 21:22,31,简直神作！！！,
王云超,看过,还行,2016/3/6 21:45,27,标准的流水线式的美国主旋律电影，告诉你，美国有各种族群，美国梦可以使任何不起眼的小人物实现理想，美国存在种族歧视，美国是毒品国度，美国人可以靠他们的智慧完美地解决种族问题和毒品问题，呵呵。,
待城,看过,力荐,2016/12/27 17:13,20,很好的动画电影，不仅仅是给孩子看的，成人看依旧可以收获很多,
emmmm,看过,推荐,2018/1/10 22:17,75,100昏！100昏！算2016年最好看的动画片了吧，适合成年人的动画片。,
应无所往,看过,推荐,2016/12/1 18:19,19,从小就对迪士尼的电影很喜欢   画面真的太美了好嘛   音乐也很带感的吖  闪电真的好好笑  循环播放他那里20遍😂😂😂肚子都笑得痛  没想到剧情起伏那么大  看似和平其实暗藏许多危险 尼克和朱迪追寻真相 大爱这两小只在一起😄😄😄,
豆瓣酱里的鸽子,看过,力荐,2016/3/5 11:27,23,完全只是披了动画的外套而已，虽然笑点多，但看完让人觉得非常沉重，所有梗在现实社会中都能找到对应，racism, stereotype等等等等。PS.第一次这么想看一只狐狸和一只兔子谈恋爱是怎么回事！！！快结尾时的拥抱赤果果的就是大叔和萝莉的段子啊啊啊，何况还一个劲叫人家carrots！！！
