用户,是否看过,评分,评论时间,有用数,评论,,,
littledepp,看过,力荐,2016/11/28 22:41,10025,有个印象很深的片段，首战第一晚他与战友两人坐在战壕里，战友开了一个罐头问他怎么不吃。满脸黑漆漆战灰的道斯笑着摆了摆手说：我不吃肉。多么可敬的人啊，他的信仰无法改变战争，而战争却拿他看似最普通的信仰也无可奈何。,,,
frozenmoon,看过,还行,2016/12/10 20:38,1049,1.战争场面确实不错，子弹穿透头颅以及被炸毁的半个身子，但对国产片的审查估计还是不能给到这尺度。2.感情线的设定有一种豁出去的庸俗。3.不管信仰强不强大，让一个不拿枪的士兵上战场就是个笑话，不能因为奇迹般的特殊情况被这笑话转化为一种精神。3.说到底还是一个老兵走后门用特权帮儿子解围。,,,
失控的小跳蛋！,看过,力荐,2016/12/8 22:29,8030,队伍配置中奶妈的重要性,,,
twotwo,看过,力荐,2016/12/11 14:36,283,看的过程中唯一想法就希望这辈子都不要经历战争,,,
陀螺凡达可,看过,推荐,2016/11/27 3:42,646,3.5 前半小时和爱情戏俗得发指，从入伍开始才走上正轨，上战场就很好看了，虽然时不时出现的槽点还是会让人出戏，但最后成功被煽到。Bromance基友的存在感和感人程度抵十个女主告诉我不是一个人。对加菲的印象也大有改观。,,,
邓安庆,看过,还行,2016/12/10 15:11,222,蛮好看的。只是看时有点烦躁：（1）你坚持你的信仰可以，可是你坚贞的固执把其他人都给卷了进来，为你操心，为你愤怒，带来诸多冲突，当然这个固执也是他之后救了那么多人的动力。（2）这种类型的片子女性永远都是扁平的配角，有点厌倦了。,,,
杨欢喜Metiche,看过,力荐,2016/12/4 17:55,219,完美的战争电影。你把信仰坚定到极致，周围人便会把你当做信仰。开始的时候我甚至愚蠢地质疑过他不拿枪上战场的动机，对Holy Bible条件反射般抵触，以及对“走后门”入伍翻个白眼。直到上战场后，我为自己的狭隘无比羞愧。精神的极致追求成就开挂的肉体，坚定的人生原则创造存在的意义。,,,
弥呀,看过,还行,2016/11/14 8:16,751,真实故事非常值得尊敬，但是这种满屏飞肠子的宗教狂热/主旋律的抗日神片风格实在不能认同。槽点多到数不过来，加菲主角光环大到可以徒手接手榴弹，队友捡回来的圣经可以直接穿越成入党申请书，日军智商战斗力全程不在线，没烧悬崖边的绳索，也不知道往下扔炸药包，啊…还有那迷之展开的感情戏…,,,
咸菜帮老大,看过,推荐,2016/12/1 22:46,26159,以我有限的观影经验，优秀的战争片不会美化战场，不会粉饰死亡，不会矮化敌人，不会无视常识，最重要的，不会宣扬战争。这个片子基本都做到了。,,,
同志亦凡人中文站,看过,力荐,2016/11/2 16:56,3323,枪林弹雨过，片叶不沾身。信仰没能改变战争，但也没让战争改变自己。梅尔·吉布森的宗教狂热病和个人英雄主义都让我想BB，但因为有本命在闭着眼睛也要给五星啊～（只有加菲才能这么一脸阳光的面对杀戮和暴力，五好青年的笑容太美！！！）,,,
亵渎电影,看过,还行,2016/12/14 18:17,384,战场的残酷指数五星，战场之外的部分都是渣。,,,
影志,看过,力荐,2016/11/29 23:21,1908,“每个人的信仰都值得尊重，这就是最真实的我们” 我操，好久没看到如此热血经典范儿的电影了！复古老派，却看得老泪纵横。继上一部导演作品《启示》后，阔别十年的梅尔·吉布森依然出手不凡！恍惚在看2016的《地心引力》《勇敢的心》《拯救大兵瑞恩》《辛德勒的名单》…（短评也得老干部一点,,,
瑾朵朵,看过,力荐,2016/12/9 19:32,1059,观众纷纷表示：前一个小时简直昏昏欲睡。你看，不管是屏幕内外，大家关心的、想看的都只是流血、战争与死亡，没有人关心你的选择和信仰,,,
桃桃林林,看过,推荐,2016/11/25 15:21,4710,特别老派的热血直男片，甚至觉得叙事目的性强烈到有些直白。然而，就是好看。前半部分就是压制观众情绪，后面的战争就是帮主角和观者释放，去证明主角。战争场面太硬了，血腥可怕，看到紧张，如炼狱一般。我认同他的那些信仰？胡开尔啊！真正让人激动的，还是见证普通人创造的奇迹，因为这是真的。,,,
朝暮雪,看过,推荐,2016/12/8 2:08,3856,救人75命，胜造525级浮屠。,,,
二月鸟语,看过,推荐,2016/11/29 23:28,408,8.1/点映，看起来在讲信仰，事实上确实是在讲信仰，很普世的主题，他在讲美国人需要信仰的时候也在讲日本人的信仰，战争场面很真实也很残酷！不知道用120帧/4K拍出来会不会有人跑出电影院，战争是一场噩梦，旁边的朋友被吓到哭又感动到哭！结尾真人眼神里的坚定和从容已经说明一切了！,,,
你看起来很美味,看过,力荐,2016/12/9 0:32,239,非常好看。我是一个没有什么信仰的人，但是在多斯身上的事确实是一个奇迹。他的坚韧、阳光、善良铸就了这个奇迹。我知道是战争片，但是我莫名的也非常喜欢爱情线，法庭外两个人拥抱的一幕看哭了。最后，一个珍贵的教训——打团先打ADC没用，还是得先打奶妈。,,,
嘟嘟熊之父,看过,力荐,2016/12/8 19:10,118,每一场戏都如定海神针，重重的敲在心上。看梅尔吉布森的戏，如同目睹一个衣衫褴褛心若澄明之人，三步一叩首，缓慢而坚定地迈向圣殿。,,,
饮歌,看过,推荐,2016/11/4 10:25,571,这部电影工整的格局，宏大的场面和充沛的感情都足以让人重拾久违的心潮澎湃，尤其是战争题材才能带来的那种感动。宝刀不老的梅尔.吉普森用这份“老派”的扎实再次诠释了“勇敢的心”：真正的勇敢并非骁勇善战，而是无论何时何地都不忘初心，坚守信仰，并秉持自己始终不会放弃的那份纯粹。,,,
毕兹卡,看过,较差,2016/12/9 11:17,413,尴尬 恶心，传销组织般的价值观输入，毁了本是一个好故事的电影，片子完全避重就轻，偷换概念，对战争没有任何反思，一味鼓吹所谓的信仰却没有深入人物内心，从电影角度来讲男一的信仰没有受到终极考验，他的信仰没有过程，后半段完全是假大空，相信看过《兄弟连》的人会对此片价值观嗤之以鼻,,,
Nineveh,看过,较差,2016/11/21 20:20,339,所以这是一个善良单纯但是某一方面又很自私的幸运的家伙成为英雄的故事，要问他怎么能在枪林弹雨中穿梭24小时以上？他相信是上帝在庇护他~如果这还不是鸡汤剧那也没谁了,,,
TIM,看过,力荐,2016/12/8 13:05,105,李安没给我们的，梅尔吉布森加倍还来了，满分电影！完美的电影！,,,
荔枝超人,看过,推荐,2016/11/27 1:53,233,屌爆了，Mel导，从打响第一枪开始全程WTF！据说内地版删减了30秒，真不容易。,,,
Favillae,看过,力荐,2016/12/8 15:33,74,为真人真事打五星。本尊事迹很难想象，一个医护兵，赤手空拳，单枪匹马，在冲绳岛钢锯岭这样的地狱救护出75人。英雄中的英雄。MoH授予他不能更恰当。Desmond炮火中肩负战友狂奔的形象。煽得几度泪。连长的反应，当时想要是TP里尤金的好连长碰到这样的部下又会怎样做。散兵坑坑友可惜啊。,,,
木卫二,看过,推荐,2016/11/30 11:58,3814,没有真人真事加持，你真会觉得，梅尔·吉布森是一枚假天主之名的神棍。当真实不可思议到某一个程度，你就会觉得，它怎么可以比电影还假啊。但这么老派的关乎个人信仰的电影，傻纯真的故事，看起来还是令人动容。电影是《全金属外壳》的两段式结构，大段的平静和抗争后，突然进入手撕鬼子的地狱模式。,,,
梦羽灵泉,看过,力荐,2016/12/8 17:03,960,无需多做评价，最好的评价就是开篇的字幕——a true story,,,
已注销,看过,还行,2016/12/8 15:26,256,雨果维文的演技碾压……看到好多老梗,,,
汽车大师,看过,力荐,2016/12/9 22:02,597,打仗真不需要120帧,,,
davekozg,看过,推荐,2016/11/7 11:24,3475,看完觉得吹牛啊，结果片尾出现正主时震惊了，再一查历史，真实道哥居然比电影里还开挂，真死人堆里爬出来的。当下好莱坞难得一见的右派电影，梅尔吉布森甩掉了神神叨叨，拿出宗教信仰和残酷战场，战争场景真实血腥，令人发指的牛逼 #这战争场景要是3D高清估计得看吐了#,,,
巴伐利亞酒神,看过,推荐,2016/12/9 0:47,1641,这部片子最牛逼的，把钢锯岭拍成了寂静岭，把鬼子拍成了鬼。第一次被一部战争片的恐怖场面吓到，感同身受于士兵的恐惧。,,,
灰狼,看过,力荐,2016/12/9 8:37,503,谁告诉我加菲猫的哥哥最后去哪了？,,,
谢飞导演,看过,推荐,2017/2/21 1:47,426,青少年时期及父辈们的经历，永远是艺术家创作的源泉。看外国老一辈导演们的“老派”作品，当然有着强烈的共鸣与认同感，同时也为自己一代人由于时代的限制，在创作上的无语和失职而感伤。,,,
太常寺协律郎,看过,力荐,2016/12/10 17:22,98,你一定要相信，这个世界上真的有很好很好的人，戴斯蒙德·多斯从血肉横飞的钢锯岭上一个人救下了75个重伤员。这不仅仅是宗教的力量，是一个人内心信仰的力量。笑中有泪，最后热泪盈眶，战争的残酷和血腥从未如此震撼地在大屏幕上展示过。,,,
兔安叽,看过,推荐,2016/12/10 16:39,212,我是反对给战争动作题材打上“直男”标签的，就像反对给女性为主的电影打上“女权”标签。我周围的女性欣赏这部电影完全不少于男性，性别标签太狭隘了。更有趣的是，这个右派的电影里，男主以反暴力成就了伟大，恰恰打破了男子气=暴力的性别偏见。,,,
Die Katze,看过,力荐,2016/11/2 19:01,93,軍火之外的道具都是我朋友提供的。,,,
巨米雨,看过,较差,2016/11/21 20:08,1091,属于那种它想表达的所有点我都懂，但是基本是没有办法接受，更不要说engage的类型，战争血腥和宗教，只能说非常非常的直男以及非常非常的主旋律，以至于影片呈现出的价值观有那么些狭隘了，它将一个伟大的人物一段伟大的故事用某种自以为是的价值观表达了出来，我觉得这对于这些战争中的英雄是一种亵渎,,,
LOOK,看过,还行,2016/12/8 16:16,165,本质上和上甘岭没啥区别。女主颜值爆表。,,,
2koo,看过,力荐,2016/12/16 23:21,75,有个会走关系的老爸还是很重要的……我是不是歪楼了？,,,
Roderick,看过,推荐,2016/11/6 10:29,246,当他终于从上面下来，双眼血丝与泪水模糊相融，胆颤地提防着周围的战友的时候，真是太让人心疼了。一个人在战场上硝烟与尸横遍野里寻找一个又一个生存的希望。Andrew的表演可圈可点，能有大导演提携希望能成大器。,,,
恶魔的步调,看过,推荐,2016/12/8 22:18,252,蜘蛛侠不吐丝改用绳子了,,,
小海,看过,力荐,2016/12/8 23:56,66,所有人的灵魂都是不死的，但正直者的灵魂将是永生不灭永垂不朽的——苏格拉底。,,,
橘猫爱吃鱼,看过,力荐,2018/1/19 13:38,89,剧情紧张，场面震撼，根据真实事件改编，值得一看。,,,
K45P3R,看过,还行,2016/11/15 17:51,115,这部电影的唯一看点在于战争戏真的拍的十分出色。将暴力美学发挥到极致。镜头节奏都很流畅。剩下的就是上世纪主流大片的基础剧本。线索混乱人设无聊。可能我不信教吧觉得男主有点傻逼。其他人物刻画基本为零。,,,
远子,看过,还行,2016/12/14 22:38,149,主旋律战争片里的音乐和爱情品味实在是糟糕；结合比利·林恩来看就有点讽刺了：男主的版权卖了多少钱？；如果最后没救那么多人，那么他的信仰是不是就没价值了？没有信仰的人总是会被信仰所打动。,,,
有心打扰,看过,还行,2016/12/8 23:26,102,3.5影片让我没有想到的是男主角真的直到最后都没有开枪，我以为战争会让所有人失去，至少是暂时地、选择性地忘掉信仰，而男主角坚持下来了，他某一时刻真的看见了上帝。我由衷佩服那些真正有信仰的人！,,,
小黄鸭,看过,力荐,2016/12/10 9:43,56,信仰有多大，力量就有多大。电影名字平平，又是战争题材，却十分好看，庆幸没错过老梅这部诚意之作。不拿枪，只救人，疯狂开挂，不可思议却是真人真事。救人那一段，再多救一个，各种燃。全片他两次拿枪都只是为了救人，一次救母亲，一次救战友。最喜欢结尾那句话：只要你有信仰，那绝不是一个玩笑。,,,
Angela,看过,力荐,2016/12/8 20:09,62,梅尔.吉布森真他妈硬汉啊，又硬又直。,,,
力总,看过,力荐,2016/12/12 23:28,43,你知道一个人要承受多大的意志力，才可以有所不为。,,,
K,看过,力荐,2016/11/19 12:53,67,牛逼，刚刚爬上去那段恐怖程度堪比恐怖片了。,,,
Q。,看过,推荐,2016/12/8 21:46,91,「我还是不能理解你的信仰，但我知道了你的信仰有多坚定。」特别复古老派，又硬又直，但很多时候“a true story ”比千万特效更能打动人心。★★★★,,,
Steamed Punk,看过,推荐,2016/11/27 3:01,73,这辈子还没有看过这么可怕的战争片，打仗一开始第一个爆头就把我看傻了，一直到结束全程无法思考只能生理性地想流泪，看完电影后衣服仿佛都沾上了一股浓烈的血腥味。文戏非常中规中矩，不过加菲演的太好,,,
赫恩曼尼,看过,力荐,2016/12/17 20:20,26,引人入胜的大片，讲述战争而不落俗套，给一个人以血肉，又不刻意煽情，实为难得。期待着我们所谓的抗战片可以拍成这样，而不是一味刷票房，讲空话。,,,
É,看过,较差,2016/12/13 6:57,26,宗教脑残遇上滥俗煽情狂魔。唯一的长处就是一定程度上展现战争的真实，但就这部分也过冗长。极度的宣扬宗教以及美式英雄主义和人道主义的种种并且就如此简单粗暴的表现出来，真的很让人感到恶心。如果不是片头一句改编自真实事件，真的只会觉得导演是不是大麻抽太多。,,,
科林,看过,力荐,2016/12/3 17:27,408,后半段足足1小时的战争场面，哇~热血沸腾！就算全世界都不理解你、抗拒你，依然秉持住自己的信仰绝不动摇。这种信念说的是男主角本身，也在讲梅尔·吉布森自己。,,,
影子的影子,看过,力荐,2016/12/3 17:22,107,如果不是真人真事，那真的是可以媲美抗日神剧了。信仰拯救人生，结尾真人采访哭成狗，平静而充实的和最爱的人生活在一起才是最美好的事情吧。真的好讨厌战争，让战争都滚蛋！,,,
遇见彩虹🌈,看过,力荐,2017/10/30 17:35,81,真实事件改编。看着他把一个个受伤的不管是战友还是敌人背下钢锯岭的时候，真的感动了，这就是信仰的力量，他做到了。他明明能力很强，却坚持不为了名利去利用，不因为时局而动摇，因为他坚持他的信仰，甚至可以失去生命。战争片，没有宣扬和平，却让人看到了信仰和平的力量。,,,
欲剩,看过,推荐,2016/11/11 14:18,213,The real heroes were all over there. 煽情也好，做作也罢，一个人若是知道自己想成为什么样的人时，天下无敌，这就是信仰。,,,
皮革业,看过,推荐,2016/9/4 17:15,71,Old school二战片，战争场面够狠够长够猛，算近年难得的体验。Mel Gibson用了全白阵容，没黑没墨，估计在好莱坞被喷死，也真死硬……,,,
白日美人_S,看过,推荐,2016/11/3 14:12,114,信仰的坚持，个人英雄主义。今才发现我竟一部Mel Gibson的片子都没看过，还蛮喜欢这种不拖泥带水的导演风格，每场戏的设置都有目的，目的达到就进行下一场。加菲真人真的可爱到爆棚呀。,,,
谋杀游戏机,看过,推荐,2016/9/4 19:54,46,低产的MG宝刀未老，大银幕战争场面震撼揪心，尽管手法略显老派，还是很难不被煽到。英雄主义，个人价值，恪守信仰，美国白人主旋律。加菲挺符合人设，奶气得不像军人，但又穿衣显瘦脱衣露肉，雨果维文演的父亲感人。前半段细水长流亲情友情，后半段专注战争，前后有些脱节，但可能反差大才更震撼吧,,,
��Psyche,看过,较差,2016/12/10 1:39,126,对梅尔吉普森拍出如此肤浅的宗教片感到惋惜，并且对其中错误到违背圣经原则的信仰教导感到愤怒，跟细细的红线相比，这片子真的跟哄孩子一样。梅尔吉普森再不解决自己信仰中的人文主义倾向的话就真的不要再以传教之名拍此等题材的片子了，真的是自绝后路并且有做“假师傅”的嫌疑了！,,,
觉,看过,较差,2016/8/16 20:57,28,知道是鸡汤，没想到是卖拷贝的那种鸡汤,,,
Vince,看过,力荐,2016/12/10 14:41,48,直接，真实，没有说教，紧凑。男主“one more”的执着时候我又快信上帝了。票房不会太好吧毕竟美国战争片，但会是有口碑的片子。（以及多次抹泪不是因为煽的，是某种沉浸感让眼泪不自觉流下来...）,,,
大奇特(Grinch),看过,推荐,2016/11/30 3:04,69,一种七八十年代热血战争片的通透和敞亮，通过以宗教为名拒绝摸枪的士兵，建立出固执己见的人物性格。接下来钢锯岭的恶劣环境，关照到战争的细节与情绪。我们才能逐渐理解主角的原则和救人，既反映出生杀与和平的二元对立，又令观者对信仰产生无比敬畏。,,,
已注销,看过,力荐,2016/12/24 22:15,21,没有信教确实很难理解这样的信仰，只能说男主的三观坚定的令人敬佩，战争的刻画非常写实，写实到让人永远都不想再看到这样的场景。好片值得一看。,,,
牛腩羊耳朵,看过,还行,2016/11/27 6:45,55,3 无法接受梅尔·吉普森的右派“尚武精神“：硝烟弥漫里从步枪弹匣里弹出的弹壳划出一道道美丽的弧线，子弹呼啸而过之后的是洒满银幕的血浆爆裂，战争场面拍得有多震撼多热血，就跟宗教信仰的切入点有多脱节，两者竟然被同时赞颂也算是”人间奇迹“。不过抛开故事，单为爽到爆的战争场面就值得进影院。,,,
冰红深蓝,看过,力荐,2016/12/18 22:48,16,吉布森继续探讨信仰与个人英雄主义的母题。单纯从视听角度论“好看”还是比不上内容黑点满满的[勇敢的心]，但本片战争场面惨烈度甚至超过了[拯救大兵瑞恩]，烘托与煽情的段落也很有效果，但还是不及结尾真实人物采访来得有感染力。第二幕教官训话借鉴自[全金属外壳]。加菲尔德演得无可挑剔。（8.8/10）,,,
舟菖蒲,看过,力荐,2016/12/9 23:45,22,再说一次，美国的主旋律电影，高就高在旋律本身非常高。电影放完感觉全场观众都要鼓掌了，碍于是“美国佬”的片子，生生憋住。,,,
左胸上的吸盘,看过,较差,2017/2/11 0:53,26,勉强两分。结构极简单，前半小时谈了场近似强奸的恋爱，继半小时是类似全金属外壳的军营戏，但领导们被主角身上信仰光环击垮，虽然他不服从拿枪的命令但也客气，最后一小时是炸逼战争戏，穿插了和战友冰释前嫌戏。男主很丑，瘪嘴加鱼尾纹，看上去太老，第二段里显得特别欠揍，军事部分也是鬼扯,,,
心生,看过,推荐,2016/12/10 14:22,52,时隔10年，梅尔·吉布森又坐在了导演岗位上，并再次带来了稳定又出色的发挥。关键是故事还是基于真实故事改编，生活真是比电影精彩，有那么多惊心动魄的往事被盖上历史的尘埃，一旦擦亮，会反射出一道道光芒。在这部里，便是一道人性的光芒，在加菲的表演下，传递出一种动人的力量。,,,
草威,看过,推荐,2016/12/9 13:09,30,对我来说，这电影是从大兵们真正上了战场之后才开始的。真实的战争感让人血脉喷张，能让人忘了之前的絮叨和神叨。有宗教信仰并且内心虔诚的人可能在极端的环境下创造奇迹，但这并不能当成一种价值观去弘扬。如果不是精彩的战争戏，就有点儿天主教宣传片的意思了。,,,
偷懒的猫,看过,推荐,2018/1/21 9:10,68,我如果不坚持我的坚持，我就不知道怎么去爱你。一个不拿枪的医务兵靠着他的坚持，信仰在战场中救了一个，几十个战士的故事。我虽然打5⭐但我不认可他连日本人都救的做法。,,,
暴走君,看过,力荐,2016/12/10 0:28,30,战争戏太凶残了，控制不住地生理性流泪。,,,
芦哲峰,看过,推荐,2017/1/31 20:56,24,战争场面太真实震撼了，足以弥补前一小时的乏味平庸。此片应给所有的好战分子观看。愿世界永无战争！,,,
水果君,看过,推荐,2016/12/13 22:42,44,没有办法认同男主角不拿枪的理念，所以丝毫没有办法代入，故事也不觉得感人，整个故事就是一个特殊的奇迹，完全不具备复制性。男主角的不拿枪，是千千万万拿起枪的杀戮者为你守住的信仰，这个信仰其实并没有受到真正的伦理考验，念及于此，我会觉得狡猾。,,,
亚比煞,看过,推荐,2017/2/18 19:11,66,和平主义者在战争年代承受的巨大压力，今天的社会或许没有多少不同吧，人人都得上另一种战场，成就的战场，抢钱的战场。你讨厌厮杀，想偏安一隅静静生活，同样要承受人们的指责，指责你逃避应尽的责任。战争从来没有停止，无论上与不上，杀与不杀，都需要拿出勇气。,,,
基瑞尔,看过,推荐,2016/11/6 12:46,42,电影前对加菲长得太阳光，太可爱而无法融入战争片的担心随着战争戏开始的时候就立刻烟消云散了。前面文戏很一般，后面进入战争戏就开始跟着紧张激动起来了，第一次看撕鬼子这么投入…里面Desmond的兄弟是CW那小破剧爱上朋友妈的小哥演的，出境不多但帅cry:),,,
米粒,看过,推荐,2017/1/3 0:09,32,3.5 倒是在个人英雄主义和上帝神谕找到了奇怪的平衡，如果他完全不信上帝，最后会显得像手撕鬼子的抗日神剧。而且并没有拿人性论来解释对战争的拒绝（男主不拿枪，但不管其他人拿不拿）。但总体来说，仍旧是好莱坞式传统的对战争的解读。战争场面残酷血暴到遮眼，加菲这部演得比沉默好很多,,,
三七莲华,看过,力荐,2016/12/10 23:16,25,梅尔吉布森是偏执狂，然而真的classy啊。他是非常老派典型清教徒的价值观，被诟病也是因为这种价值观显得不合时宜—但他并不是错的，人们会嘲笑这种偏执，但最终还是会尊敬这种偏执，因为这就是信仰的力量啊。把信仰活出来的人令人生畏。假冒为善看轻神的人多了，真的信仰证明在眼前反而不信了,,,
狷介有乌青,看过,推荐,2016/12/10 17:46,61,战争不会让我们变好，它只会放大我们的善与恶,,,
奥利,看过,较差,2016/12/8 22:03,34,这个真实故事其实就已经很套路了，尤其是在戴斯蒙德救完人之后人们都说看错你了你真棒就差没说你真是个英雄了，不是不能英雄主义，可执行得还是套路加尴尬，这点真心是不如勇敢的心。PS：加菲快笑成加菲猫惹！快减点肥。,,,
王这么,看过,还行,2016/12/27 16:38,40,差点儿就成了“信主就是好，枪子挨不了”，如果不是有现实原型，绝对以为编剧脑子进水了。才弄出这么刻意俗套，可见生活本身比小说电影都难以想象。,,,
欢乐分裂,看过,推荐,2016/12/8 13:38,39,“让我再多救一个”梅尔吉布森宝刀不老，儿女情长家国大义宗教信仰共冶一炉，主旋律伟光正，手法老派煽情过分前后略断裂，但一点也不妨碍被感动到啊！带着血腥金属气味的真枪实弹在血肉横飞的火光地狱里嗖嗖而过，让人浑身战栗；选角棒，高潮掐得准，“攀登”的前后对应。,,,
女神的秋裤,看过,推荐,2016/12/10 17:08,25,梅尔吉布森二十年前告诉我们什么叫自由，二十年后他告诉我们什么叫信仰！,,,
Helicopter,看过,较差,2017/1/21 15:14,8,为了煽情篡改事实用套路不要紧，问题在于本质上对“人”并无尊敬，人只是表现各式儿戏的杀戮大法的道具，只为呈现神的光环，神的力量...果然是神棍Mel Gibson...,,,
惊鸿,看过,推荐,2018/1/10 20:52,22,战争场面逼真到令人震撼…但或许主角从头至尾的坚持 和真实故事改编更令人动容 战争无眼 但所幸大爱永存,,,
LF,看过,还行,2016/12/11 17:54,22,文戏好尴尬，武戏太小气。关键是一直在讲耶稣，私货太多，当真是二十世纪福音战士,,,
Ou,看过,较差,2016/12/11 20:18,25,Desmond不通人性，只知天命。他从钢锯岭下来后被战友拍肩膀的反应，是典型的为人性而人性。前后不怎么统一。,,,
三七莲华,看过,力荐,2016/12/10 23:16,25,梅尔吉布森是偏执狂，然而真的classy啊。他是非常老派典型清教徒的价值观，被诟病也是因为这种价值观显得不合时宜—但他并不是错的，人们会嘲笑这种偏执，但最终还是会尊敬这种偏执，因为这就是信仰的力量啊。把信仰活出来的人令人生畏。假冒为善看轻神的人多了，真的信仰证明在眼前反而不信了,,,
狄飞惊,看过,推荐,2016/12/10 23:53,15,战争前是《珍珠港》，进军营后是《全金属外壳》，抢占钢锯岭是《拯救大兵瑞恩》，道斯想多救一人的执念则是《辛德勒名单》，上士的狙击战显然又是《兵临城下》，可见它其实处处都是套路，但偏偏一腔激情从头撑到了尾，鸡血满满最后全化为了汹涌澎湃的力量，堪称“荡气回肠”。,,,
FloriaZENG,看过,推荐,2016/12/17 23:04,31,感谢这些合格的战争片，在和平年代，没有任何娱乐性地最大化地告诉了我们战争的残忍和真实，哪怕只有小部分人被感染，也足够了，真心地谢谢它们。,,,
阿珂,看过,力荐,2016/12/8 1:22,30,最好看的战争戏，残酷而感人。。。,,,
阿珂,看过,力荐,2016/12/8 1:22,30,最好看的战争戏，残酷而感人。。。,,,
西楼尘,看过,推荐,2016/12/8 22:08,41,枪炮是毒药，信仰是一剂吗啡。在逼近极限的人性抉择面前，效忠天皇的刺刀和求索上帝的圣经并无本质区别。信仰既能使一群人如蚂蟥奋不顾身，也能让一个人孤独扛起执念。地下堡垒包扎敌军士兵、战地救人安全无虞，难以置信仍深信不疑，因为我们在某一刻也相信了神迹。生活在迷雾中的人们，从未看清自己。,,,
办公室甜心,看过,还行,2016/12/15 23:35,26,所以那个淋浴 踢球 还有上天的镜头到底怎么回事 笑场很严重啊,,,
暹罗copen,看过,力荐,2016/12/9 14:20,41,满分电影，完美电影，我的年度最佳和最爱。,,,
老袁,看过,还行,2016/12/13 19:13,29,完成度很高的美国主旋律电影，如果除掉导演无节制的升格镜头，电影会上一个台阶。,,,
蜉蝣,看过,还行,2016/12/10 14:37,21,心脏不好还坐第二排数次觉得要死在影院里了。,,,
Ou,看过,较差,2016/12/11 20:18,25,Desmond不通人性，只知天命。他从钢锯岭下来后被战友拍肩膀的反应，是典型的为人性而人性。前后不怎么统一。,,,
舌在足矣,看过,推荐,2016/11/3 13:41,31,既《耶稣受难记》之后，梅尔·吉布森再次用信仰的力量震撼了观众。Rupert Gregson-Williams配乐生涯最佳作品,,,
介意,看过,较差,2017/1/19 20:30,5,拒絕安德魯·加菲爾德。,,,
琴  酒,看过,力荐,2016/12/18 21:47,16,作为反战片看是满分，展现了战争最残酷的那一面，作为个人信念的实践看也很好，“再救一个，多救一个”，那真是信仰给人的力量。但我却始终不能忘记故事发生在沖縄戦，想到战时毫无训练受迫参加战斗的沖縄人，日军的胁迫，战后的独立复归，以及替日本本土承担的美军基地。太复杂了。,,,
暴走君,看过,力荐,2016/12/10 0:28,30,战争戏太凶残了，控制不住地生理性流泪。,,,
南悠一,看过,推荐,2016/9/4 21:17,19,近一两年难得好看的战争题材商业片，战争场面拍摄的非常棒，冲突紧扣人心，除了战斗场面，故事意料之中地为主角设置了一个信仰困境，虽然不新却能令人信服。爱情戏多余，倒不如替代成战友情or甚至搅基也会更好。故事还涉及圣经以及宗教元素，略显突兀但不可或缺。货真价实抗日佳片。加菲很有戏点。,,,
西四小二,看过,还行,2016/12/11 8:07,13,爱情、喜剧、战争，三方面都有惊喜，但组合起来总觉得某个地方好像少点儿什么或者多了什么，怪怪的。不断地强调信仰，但对信仰的铺垫其实是一种直给的方式。不碰枪和不杀人其实是两回事，权利和老爹却糅合在一起，仔细想想，怪怪的感觉会更强。,,,
简里里,看过,推荐,2016/12/18 18:14,17,如果不是现实太过惊奇，就真以为导演这是在干嘛……,,,
LORENZO 洛伦佐,看过,推荐,2016/12/13 19:51,21,后半段又煽又壮阔，特别是和基友那一段。故事讲得比较满，没有太多思考的空间。当然true story的力量就在于此，振聋发聩。太喜欢加菲了，明媚如春风，还是团队大奶，队友喊medic的时候俨然副本刷boss......加血啊！,,,
スピカ,看过,还行,2016/12/10 21:09,14,美版抗日神剧分数这么高？？为了尊敬原型人物加一星吧,,,
起床，吃饭,看过,还行,2017/8/27 18:38,16,梅尔吉布森的电影，镜头总觉得愣头愣脑的。音乐也非常教条。,,,
我对你的无语简直能沉默整个宇宙,看过,力荐,2017/1/4 0:01,13,平凡人类的英雄主义最值得歌颂，而不在于是否关乎信仰。,,,
mumudancing,看过,力荐,2016/12/22 22:11,16,英雄主义照耀钢锯岭，但就是有血有肉的好看啊！,,,
小A,看过,推荐,2016/12/28 9:31,16,剧本非常一般，Mel Gibson靠一己之力把这个可能会被大多数制片人丢掉的剧本转化成了一部冲击力极强的电影。每秒钟我都能感觉到包括导演、演员在内的制作团队使出浑身技艺克服陈词滥调的努力。Hugo Weaving惊艳的演出让我扭转之前对他所有的平庸印象。,,,
暹罗copen,看过,力荐,2016/12/9 14:20,41,满分电影，完美电影，我的年度最佳和最爱。,,,
介意,看过,较差,2017/1/19 20:30,5,拒絕安德魯·加菲爾德。,,,
琴  酒,看过,力荐,2016/12/18 21:47,16,作为反战片看是满分，展现了战争最残酷的那一面，作为个人信念的实践看也很好，“再救一个，多救一个”，那真是信仰给人的力量。但我却始终不能忘记故事发生在沖縄戦，想到战时毫无训练受迫参加战斗的沖縄人，日军的胁迫，战后的独立复归，以及替日本本土承担的美军基地。太复杂了。,,,
阿罡书房,看过,较差,2016/12/12 22:46,7,看完此片，请允许我学习男主角坚守自己的底线，说一句真话。,,,
mumudancing,看过,力荐,2016/12/22 22:11,16,英雄主义照耀钢锯岭，但就是有血有肉的好看啊！,,,
汪金卫,看过,还行,2016/11/25 16:51,18,台湾上映版140分钟。熬过前一小时拖沓的傻逼中二矫情戏，接下来就是80分钟的极度残酷血腥的视觉震撼战争场面。爆头断肢，血肉横飞，肠脑满地。国内必会删减吧。日军残暴无脑，加菲主角光环大开，情绪渲染过度，一度觉得是夸张的好莱坞个人英雄主义抗日神剧。片尾历史真人出现，方才惊呼牛逼。三星半,,,
baochen,看过,力荐,2018/2/21 20:35,36,很另人震撼的故事，沒有想過看這種戰爭片，居然會被感動，信仰的力量，是無限的,,,
黄小胖,看过,力荐,2016/12/10 17:38,27,真实性击败我了我预先准备的吐槽，真实在于画面，在于事迹，也在于信仰。,,,
谢谢你们的鱼,看过,力荐,2016/12/8 22:21,33,没有奢侈的特效、没有一线的演员、没有气势磅礴的大场面，但就是这么一部中低成本的战争电影让我观影结束10分钟内回不过神来。梅尔吉布森再次用朴实的电影叙事、娴熟的视听语言以及满腔热血创造了又一个电影史上的经典作品。这样的电影和《拯救大兵瑞恩》一样值得你去看第二遍，第三遍甚至二三十遍。,,,
Mona Lishark,看过,较差,2017/2/24 14:33,9,Boring as fuck...,,,
過期貓糧,看过,推荐,2016/12/13 0:02,14,每出现一个伤员，获得一个圣盾。荣耀将赐予我力量！圣光将赐予我胜利！,,,
连城易脆,看过,推荐,2020/4/26 18:43,18,【超凡·戴斯蒙德·基督教原教旨·素食·枪械PTSD·理想主义·闪避点满·多斯·圣母侠】当美国人大方地通过主旋律电影歌颂宗教信仰爱国主义，让大兵带着圣经上战场，甚至战斗前还要祈祷，票房口碑双丰收时，国产影视剧中帮我交最后一次党费却成了不少大陆影迷口中的笑柄，真是悲哀。除了双标以外，确实也存在一些硬件方面的差距，首先就是战争场面的塑造，梅尔吉布森在片中所拍摄的战斗画面给人的感觉相当真实、惨烈，将战争的残酷性表达得淋漓尽致，而不少劣质国产战争片中塑料感十足的场景反而消解了这种残酷性，只能引人发笑。然后对于信仰的理解程度也是云泥之别，国产主旋律电影的导演本身就缺乏对共产主义信仰的理解，又相当不坚定，如何指望他们拍出合格的战争片呢？当哪天我们像外国人对待圣经一样对待我们的社会主义核心价值观时，何愁拍不出好,,,
如小果,看过,力荐,2016/12/10 13:14,9,《血战钢锯岭》太好看了，年度Top前三，就是这个名字翻译的太像《狼牙山五壮士》这种红色国产剧了，非常失败的译名。,,,
小斑,看过,推荐,2016/11/19 5:22,24,又见无语译名。结束时观众有掌声，一多半是给真实事件的当事人的。通过Desmond的童年和爱情故事令英雄有血肉更亲民。用他和上级同侪的对抗展现其信仰与意志。最后是神迹时刻。梅导一贯手段。战争戏拍得特别好，不设立场（日军也尽现其勇），没有保留（断手断脚穿肠破肚）。,,,
肖浑,看过,推荐,2016/12/11 13:48,15,大银幕血腥之最。很好看，可我期待的结局是多斯被残酷战争逼得拿起枪杀敌或者干脆精神崩溃。传教姿态比战争场面更恐怖。,,,
拉赫玛尼诺妇,看过,力荐,2016/9/14 10:59,16,反正我是哭成狗了，战争场面残忍又真实，大概是最棒的抗日片？虽然冷静下来想有些地方也有可以渲染的意思，但真得感动到我我就是要给满分！小细节很棒，演员都特别好，表演有说服力。信仰困境这个切入点也很特别,,,
哪吒男,看过,还行,2017/1/19 23:03,9,安德鲁·加菲尔德真是......小天使小可爱~！！（粉红色那种）,,,
Trillian,看过,较差,2016/12/17 1:40,4,"杰出的视觉效果和氛围塑造也掩盖不了导演陈旧教条的三观，“一切都是信仰的功劳""和“红星闪闪照我前行""有什么区别? 毫无主见的女性角色，理所应当的爱情故事。战争电影究竟应该带给我们什么? PS: 加菲的主角气场不够，最好表演还是在TSN",,,
叶洲,看过,还行,2016/11/4 12:49,14,梅尔·吉布森一如既往的宗教狂热和血腥，在2016年也算稀有动物了。全片平铺直叙，前半段拖沓，不过训练营训话真是笑死。后半段的战争真是太恐怖了，如果片中的奇迹（救下75人并毫发无损）完全属实，真的也只有他心中的神能支撑他并保护他了。Roman Guerriero,,,
浣熊市垃圾回收,看过,还行,2016/12/14 22:06,15,Oh boy have we got you a Christian propaganda ：）战斗场面好评，配角演技杠杠的尤其是雨果叔，加菲恕我直言演得像弱智。深受感动，向战场上互相扶持的人们致敬，但是谢谢你啊我不吃这嘴圣经安利。另外惊悚居然玩三次、还TM摸进地道潜行点满，meh,,,
内陆飞鱼,看过,推荐,2016/12/11 22:21,14,一个坚持信仰，用行动赢得尊重，拯救生命的故事，硬汉梅尔·吉普森另一种“勇敢的心”，文戏武戏一比一，平衡得好，前一小时爱情浪漫温柔，家庭揪心，新兵纠结，后一小时枪林弹雨耳朵炸聋，残肢断臂血腥恐怖，这样的真实奇迹，只能说主角“命大”。贵国拍不出来。战争太残酷，希望有生之年不要遭遇啊。,,,
红线,看过,推荐,2016/8/11 18:41,13,我以为我会哭，但是我没有⋯⋯梅尔吉布森导演，蜘蛛侠主演，煽情有不到位，战争场面有，还特写了些血肉模糊的镜头，但是总觉得火候不够的感觉，不过挺有大片相，很像拯救大兵瑞恩，体现的是美国式人道主义精神，美国人打日本人，应该会过审吧哈哈哈哈,,,
darkcat,看过,推荐,2016/12/27 22:47,17,战争有多可怕和平就有多珍贵,,,
大胃⃣麒⃣,看过,还行,2016/12/9 22:06,17,不顶不是镁国仁！,,,
安德烈大叔,看过,推荐,2016/12/8 22:02,14,信仰之光佑我灯塔国，喜欢这部电影的老派与直男，建议由川普大帝授爆裂猛男华莱士“好莱坞直男荣誉勋章”。,,,
CharlesChou,看过,较差,2016/12/15 23:08,9,Does it count as profanity that I laughed out loud in cinema?,,,
陈哈,看过,推荐,2016/12/12 19:20,11,片是好片啊，“说教”能拍成这样也是厉害了。题外话：当年去电影院看《拯救大兵瑞恩》的时候，美空军正在昼夜轰炸南联盟。现在在电影院看着拒绝摸枪的有信仰的医疗兵，美政客则在提供枪给ISIS们...,,,
艾晨,看过,力荐,2016/12/8 2:35,24,今年第246部。这样的主旋律可以有。关于信仰，关于生命，关于选择。,,,
袁长庚,看过,还行,2016/12/22 1:07,10,最后十五分钟有点儿手撕鬼子，但爬上钢锯岭的第一波攻击真是我在电影里见过的最接近地狱的场景,,,
拔刀诀,看过,推荐,2016/12/10 12:10,6,前半部分三星，常规套路，后半部分五星，战争场面的震撼程度超过拯救大兵那段抢滩登陆战。,,,
韧勉,看过,推荐,2017/3/1 14:50,9,最后脚踢手雷，那真有点儿抗日神剧的味道，用暴力血腥来书写反战电影，结尾收的很好，没有政治渲染，梅尔吉布森越老功力越深厚。,,,
CyberKnight电子骑士,看过,推荐,2017/12/19 14:03,4,前半段《恋恋笔记》后半段《血战冲绳》。梅尔吉布森的电影特色跟东木一样鲜明独特，不过其导演手法也算好坏参半：宣扬宗教倒也没什么，就是对角色的塑造还有些表面化，对主角的内心、变化表现都不够深入，战友们的态度转变也完全依赖主角神迹般的故事。这方面就没法跟《全金属外壳》之类媲美了。,,,
朴九月,看过,力荐,2016/12/14 22:12,7,全程哭，无法相信这样的人和事真的存在和发生过，感谢导演拍下此片让后世知晓这样的故事和人物，并了解战争,,,
阿拉丁,看过,较差,2016/12/15 8:38,13,披着人文关怀的羊皮，举着英雄主义大旗，结尾还不忘给切腹的日本军官布一个完美的定点光，你到底是想表达天佑美利坚还是壮哉武士道呢？我想梅尔.冯.吉布森.小宁导演的内心一定是混乱的。场面之恢弘有如当年freedom，而内容之空洞则与李安之间隔着一万场中场战事。,,,
团小纸,看过,推荐,2016/12/10 23:07,6,即便知道是真实事件却觉得电影好假，就因为突然问神所以留在了战场那里！前面的信仰坚持铺垫到这里一下子没意义了。但战场太真实了，以至在心里默念无数次祈求世界和平。加菲有很棒的眼神，以及这是发生在冲绳…美军后来对这里也不是解放而是报复！其实那里的海很美的～,,,
guiltyboi,看过,还行,2016/12/11 0:07,10,这评分怎么那么高…美国抗日神剧啊（这个故事也许不太适合改编电影，片尾的真实采访要更好看些）…另外加菲好像有点长残了,,,
余小岛,看过,推荐,2016/12/10 16:14,8,说实在的，bug有点多；但又是根据真实故事改编的，让人不得不信，还真有这样的人存在。在前后两个”地狱“里，坚持自己的信仰。,,,
玛丽莲教父,看过,推荐,2017/2/5 3:12,7,许你美帝可以开挂救人、不许我们手撕鬼子？——领导抽了一口荷花淡淡的说。,,,
vivi,看过,还行,2016/12/9 20:40,10,3.5 男主的信仰、成长、洗礼，人物塑造还是偏嫩，太主旋律，中规中矩。不理解电影院内为什么一直笑声不绝。,,,
Leon Winters W,看过,力荐,2018/3/12 22:04,5,补课2016，其实冲绳岛日军输在没有一个妈宝男和振奋人心的Bgm，前期铺垫很赞，男主加菲符合美帝白左基督徒所有幻想，女主颜值过于逆天有点像斯图尔特必须赞！后面结局反而过于匆匆结尾，男主使出了星爷少林足球拯救了数名队友，完成了属于他真正的救赎！超凡被砍其实看起来让加菲戏路变宽了,,,
魏无忌,看过,还行,2016/12/11 0:11,16,梅尔·吉布森真是走火入魔了，什么戏都要搞成宗教题材。比「拯救大兵瑞恩」还差十个「硫磺岛的来信」。文戏全靠奇遇，武戏全靠开挂，什么战术战略都扔太平洋里了。还好反战的价值观没偏，不然就是妥妥的抗日神剧了。,,,
ayi,看过,很差,2016/12/10 0:05,13,先进典型事迹报告。,,,
相伴,看过,推荐,2018/3/27 8:11,8,当时在看的时候就觉得这部电影的主演因为自己童年的阴影而无法握枪，但是到了后半部分，就截然不同了，为了救受伤的战友而不惜冒着生命危险去抢救。。实在令人钦佩！,,,
Andrea,看过,力荐,2016/9/27 9:40,8,这个世界有些人就是喜欢作死，作死还作得理直气壮的。比如在那个全世界都痛恨法西斯都希望痛扁小鬼子的时代，跟人家说我上战场不想杀人不想带武器，只想逛一圈回来的时候顺带拖(救)几(十)个人。成功变作死为牛逼。,,,
L'automne,看过,还行,2016/12/1 22:50,20,拒绝武器的士兵本来就很神奇，手无寸铁的士兵在枪林弹雨中救下75条人命就更显得既讽刺又催泪。可是，我总觉得在战争里讨论正义或仁慈，是一个很难站得住脚的命题。要说表现战争的血腥和残酷，应该还比不上Kajaki。,,,
马达,看过,还行,2016/12/22 22:03,12,我是主角，我不会死,,,
Eve|Classified,看过,推荐,2016/12/10 13:41,3,“求您，只让我再多救一个就好。再多救一个。”坚持信念的人有着别人看不见的一面，每个世人何尝不是如此？这让他有着救别人的勇气和力量。我已经失去了。随后，pre judge者都来道歉或者也正是出于这一前提。所以我只有judgement. 想到“我不管你信什么，只管去信”牧师对Mal说。他做到了，我不能。,,,
丹朱AI🌵,看过,还行,2016/12/13 21:33,3,某同学说：“这音乐挺八股的。”哈哈~,,,
历史理性,看过,推荐,2016/12/17 22:13,4,某些右翼总觉得玉碎作战感天动地，赢了道义分，但美国可没觉得自己道义上输了,,,
岚行,看过,还行,2017/5/28 11:21,4,节奏差.不过我感受到的竟不是一边倒的主旋律陈腐价值观.宗教浸染/国家主义教化深入到让人不假思索判断,可两厢的结论却相悖,其各自宣称的正当性就很可疑了.而若它们一是一非,又为何要有抱守一边却仍成为糟糕之人的反例.道斯试图兼得的任性同于他追求姑娘的手段和时机.但你所信必定只由俗世回应.维文叔赞
zitsunari,看过,还行,2016/12/19 16:18,4,从入军营到上战场之间那段文戏还不错，加菲太适合这种理想主义的文弱角色，就是岁月无情，已经有点显老了。。,,,
杨大志°,看过,推荐,2017/4/30 22:29,9,不仅有宏大的战争场面，更有无法割舍的亲情、浪漫忠贞的爱情和坚忍笃定的信念。,,,
Carf,看过,还行,2016/11/20 6:18,22,宗教反杀戮片，不是反战争，必然矛盾的是救护战友去杀戮一样服务于杀戮机器。各国的主旋律都是一样的好，但是我更加尊重反抗侵略保家卫国的杀戮。,,,
请保持高冷,看过,推荐,2016/12/28 12:25,8,在寒冷的冬日，窝在被子里，喝杯热巧克力，看一部好片，真是绝美的享受～,,,
张春[阿卡纳],看过,力荐,2016/12/11 14:01,15,太好看了。我从来没有看一个电影看的脖子和背全僵住～,,,
bird,看过,力荐,2016/12/9 12:27,19,只要你有信仰，就不是一个玩笑，那就是真实的你。,,,
芥末蘸酱,看过,还行,2016/9/4 17:15,6,挺好看的，就是前半部有点长了。one more那段很阿甘；不仅没有黑人，似乎连亚裔、拉美裔都没有。,,,
空想特摄兔男郎,看过,力荐,2017/4/2 13:17,6,其实电影本身拍得只能算是合格，有太多类型片的套路，但是由于历史上真实发生的这个奇迹实在是太感人了，忍不住要打满星。其实这个片子主要的讲两个事，一个是信仰的力量，再就是个人信仰与他人之间的界限。顺便提一句，最后梅导也特意描绘了日军的切腹场景，这其实也是一种信仰的实践。,,,
麦子麦子酱,看过,推荐,2016/12/10 22:24,5,超级主旋律 但是战争场面拍得很独特 很多出彩的镜头,,,
白树,看过,力荐,2020/12/27 23:40,10,我有限的观影经验告诉我，战争是会改变所有人的，想在战争中活下去，那就需要成为一个杀人机器。所以，在我观影时，让我掉眼泪的反而是前半段。我以为，这个有着信念、坚持自己的人，最后会向战争妥协，选择拿起枪支，那是多残酷的事情，所以我哭了。可是他并没有，并没有像我所想的那样，被战争改变。他没有改变战争，战争也奈何不了他。所以，我敬佩他。看多了战争片，让我对战争有些麻木，有些绝望，我觉得战争会改变任何事，但其实不是，总有一些战争改变不了的东西，比如信念。那天夜晚，那个疯狂抢救伤员的多斯，身上简直带着光。,,,
东遇西,看过,较差,2017/1/30 9:29,14,整个故事就是一神经病反转为神的逆袭心灵鸡汤，童年创伤前置成为不可置疑的前因，现实层面的封神就成为后果，两者因其权威性无可置疑。但如果我们把创伤视为人之常态，那封神的过程某种意义上也是一个正常人发展成为神经病的过程，这一过程必然反智反人类，简单的说，就是不可以常理而度之、细思则恐极,,,
九尾黑猫,看过,还行,2017/1/21 21:53,6,这是一本不过不失的教科书，主修美国主流价值观。胜在故事本身已经足够动人，吉普森聪明在知道不用太过渲染。,,,
明羽波·秀川,看过,力荐,2016/12/13 21:21,14,去电影院里看，哭个不停，哭得发抖。和Doss他比起来，我的信仰和灵命是多么软弱，在世俗的诱惑或要求与上帝的诫命之间，我向世俗妥协了多少次？面对困境的时候我逃避了多少次？当良心挣扎苦痛的时候，我回避了多少次？我一直自称基督徒，然而我为了这份信仰做了什么？坚持了什么？,,,
爱幻想的小孩,看过,推荐,2016/11/14 19:36,10,加菲演得太棒！一众卡司也演得棒！战火戏份拍出了一种悲壮的美感。只是可惜了导演，说了犹太人的坏话，从此被媒体唾弃，海报上连名字都没留。美国的政治正确还是很可怕的。拍电影搞艺术的人能拍出好作品就足够了。,,,
mideastsptfire,看过,很差,2016/12/22 11:58,6,mel gibson's come back和donald trump's election, 哪个更容易点?,,
小油飞,看过,推荐,2017/1/1 11:48,6,战争场面拍得真好，而且鉴于是真人真事，连手撕鬼子的槽点都不好意思吐了，宗教部分也能原谅了……其实归根结底感觉是在赞美美军连这种人都能包容（在走了后门的情况下）。,,,
麻绳,看过,推荐,2016/12/9 11:15,17,比较老派的战争片，很主旋律，但现在看来也很难得。要不是有true story加持，这样的战场白莲花故事还真挺难说服我的。后一半一进战场立刻开挂，暴烈至极，太梅尔吉布森了，有点找回了看《勇敢的心》的感觉。,,,
Aray,看过,推荐,2016/12/9 22:11,24,貌似是第一次在电影院看手撕鬼子。,,,
夢俠沈星丹,看过,力荐,2016/12/12 0:58,5,战争的场面调度方面还是无人能出拯救大兵瑞恩其右，  斯皮尔伯格还是那个唯一一个能够清楚地告诉你敌我双方的一场场大小战的过程是怎么打的那个神,,,
发条饺子,看过,推荐,2016/12/17 17:14,7,梅叔叔一直喜欢直白狂热的灌输他的意志，不讲中立，电影本身水准也就打个75分吧，战役部分情节人物设定都是样板式的，加菲开挂起来也是吴宇森式英雄主义。但即使是明知有艺术创作的成分，依然会觉得无比温暖感动，与宗教战争无关，就只是敬佩那种坚持信念的朴实和勇气。,,,
熊野爷(老年版,看过,推荐,2016/12/17 1:03,14,让我想到一个问题：加菲尔德是不是美国王宝强？,,,
防寒对策,看过,较差,2016/12/29 22:42,6,这种主旋律宣传电影从内容、形式到手法都和战争本身一样无趣空洞又毫无意义。,,,
哥谭花匠safina,看过,还行,2016/12/10 17:46,5,本来可以给四星，然而对于这种渲染奇迹的表现方式感到不舒服，扣一星,,,
Roger颜,看过,力荐,2016/12/8 22:10,28,有时候亲临其境不需要3D，只要找一个小银幕，坐在它两米之外看一部Hacksaw Ridge这样的电影。如临战场，感受信仰。毫无疑问，这是我在电影院看过的最好的电影。,,,
西决,看过,还行,2016/12/10 0:25,7,好听点是扎实老派，不好听是太直太笨，前段铺垫过长中段军营老套结局战场炼狱倒过瘾，但也只停留在牛逼的视效上，角色太平庸，除了雨果维文的哽咽令人动容，加菲演技不怎么样，一干配角也都跟群演似的。配乐无感。老梅展现出战争的残酷，肉体的脆弱，信仰的奇迹，虽真人真事可反思战争不免有点宣教之嫌,,,
bookbug,看过,推荐,2016/12/12 21:59,5,好吧我还真是挺喜欢看这种主题先行的直男片，温情脉脉之后也能血脉贲张的,,,
基本是我,看过,力荐,2016/12/8 22:34,7,信仰真牛掰，可以杀人也可以救人。希望梅尔吉普森提名奥斯卡bp和bd。,,,
飞行官小北,看过,推荐,2017/1/3 10:56,7,三星半吧。男主跟先前挤兑他的肌肉男在战壕交心时，好想说句赶紧开房吧，正打仗呢怎么还谈开恋爱了呢。整部电影就是这样，慢，拖，煽，除了非常厉害的战争场面。另，原型人物真的超级伟大。,,,
郑核桃,看过,还行,2016/12/11 19:56,5,这个视听呈现其实是把 true story 的力量打了折扣的，让人惊异的永远不是信仰或信念本身，而是它与承载它的人物之间令人惊异的化学结果。影片太强调那些简单层面的东西了。开场爱情戏份拍得年代感太足，也让人有点乏味/反胃呢。,,,
57,看过,还行,2017/1/8 23:56,9,每次都嘲笑好莱坞的套路和主旋律，也没什么效果。不得不正视，这种圣徒叙事，和革命英雄主义、或其他宗教、民族的集体策略有什么区别？意识形态都需要自我表达，哪一种可以创造真正的生活？这部过度煽情的电影的启示在于，非如此不可 ，不然别人怎么知道你的信仰是什么以及你信到什么程度。,,,
魂,看过,推荐,2016/11/30 17:02,4,没给五星原因是故事讲的确实一般，有些流水账，但观感依然非常棒。加菲从头到尾没打过一发子弹，不过不仅没搞砸演成圣母婊，相反是全场最酷炫的人，让观众真正感受到他坚定不移的信仰。战争场面更是点燃全场人的肾上腺素，不是我看过最血腥的，但完全不输今年的荒野猎人。,,,
猪头妖怪,看过,还行,2016/12/10 20:05,9,及格，但完全够不上预期啊。太平铺直叙了不是吗？群戏也做得不算成功，那么多配角，真正能让人记住的有几个？一两个顶多了吧？,,,
居无间,看过,推荐,2016/12/8 23:20,3,好的战争片都是反战的，所以这个类型贵在立意。此片在杀戮和仇恨之外，走出了战争中的另一条路。男主角幸运而伟大，有如神明。导演也完全是以拍神的手法在塑造人物。影片的力量源自于对信仰的坚守。其他的方方面面其实都平平，尤其是采取了低劣恐怖片才会用到的吓人手段，挺low的。3.5,,,
顾盼,看过,推荐,2018/4/9 8:54,5,现实讲出来往往比故事更动人。,,,
m89,看过,还行,2016/12/8 14:09,18,不把japs翻译成小日本，也算是一种进步吧。传教片。梅尔吉普森仍旧是那个狂热虔诚的基督教原教旨主义者。有个镜头很有意思:一场大战后幸存的加菲怀抱圣经，这时对剪日本士官剖腹自杀，还真是“所有信仰都值得尊重”。战争场面不错，够横店导演们喝两壶的，不过战争的荒谬远胜残酷，这与信仰无关。,,,
RITA,看过,推荐,2016/12/12 3:58,8,加菲是永远的少年,,,
隔壁家的桃太太,看过,推荐,2016/12/1 16:58,8,最擅长血腥的吉布森拍战争不要太合适。jb都炸飞到天上去了。,,,
阿娜贝拉,看过,较差,2016/11/24 0:32,10,影史第一伪君子 最当婊子还要立牌坊的男主角。不杀人 不持枪 就请不要参军 助人杀人也是杀。男主衣服完全暴露了头长脖长肩膀窄的乌龟身材。导演传道的唾沫星子都要喷到观众脸上 泛滥煽情五流配乐和慢镜头令人发指。战争场面节奏运镜布景一流 配上一个五流故事 梅尔吉布森的大起大落果然有道理,,,
托托,看过,还行,2016/12/31 23:04,4,影片意欲呈现基督附体的人。前半段感人，后边变味。在我眼里，男主角坚持个人信仰纯洁，而他的妻子、父亲、战友却在为他背负十字架。人的回忆会放大英雄情结，而忽略真实的内心挣扎。他站在山下究竟在祈祷什么呢，横尸遍野，他又能祈祷什么呢。,,,
LeungChanXXX,看过,推荐,2016/12/10 22:44,8,无论是故事推进还是内核价值观都很老派很主旋律，但不妨碍好看，尤其是从进入战场部分开始真的震撼到屏息凝视，临场感极佳，直到片尾出现真人画面时脑子甚至还是无法思考的状态，走出电影院只想用力呼吸。信仰的力量令人敬畏，友情戏比爱情戏更具chemistry,,,
fefe,看过,推荐,2017/5/3 20:46,3,2014.2 看看，人家美国的主旋律怎么拍的这么好看！梅尔·吉布森的暴力风格还真是血淋淋的真实啊！,,,
雨夜飞行,看过,推荐,2017/2/3 1:13,3,最不喜欢看的电影题材之一，但是高潮部分还是高潮了。不喜欢加菲的表演，但是其他演员都演的有血有肉。全片荷尔蒙与血浆齐飞，看得我春心荡漾又心惊胆跳,,,
朱欢尘,看过,推荐,2016/12/14 15:53,10,如果是假的就很肉麻。可是是真的，所以很伟大。,,,
彭萦,看过,还行,2016/12/9 23:53,8,和我国的战争片差不多风格  没有兄弟连和太平洋战争那么真实,,,
辛波卡,看过,推荐,2016/12/27 19:22,6,握草这个片最牛逼的一点是，电影最后多丝手握圣经和日本兵为了天皇刨腹的平行剪辑，对两种信仰的平等处理，绝不美化自己抹黑别人，绝不把对方拍成禽兽把自己拍成真正的人。,,,
jagpumpkin,看过,推荐,2016/12/26 12:42,4,Mel Gibson好战，喜欢宏大。幸好选择了Desmond Doss这个人物，又选择了Andrew Garfield这样的演员，调和了一部分战争的愚蠢残酷，消解了一部分信仰的偏执可怖。前半部分真无聊，澳洲演员真好用。推荐这篇最值得一读的影评《A Hero among Heroes》：https://movie.douban.com/review/8220037/,,,
赵启辰,看过,推荐,2016/12/10 1:22,6,真实的力量再次被电影放大，一切都很好，唯独不喜音乐，夜间不断救人也拿大音乐轰隆隆，感人的永远是行为，音乐只是气氛，我已经被感动了，你再拿音乐给那么强烈的指向那感觉像是在怼我,,,
太阳的倒影,看过,还行,2016/12/17 14:33,3,梅尔吉布森果然是皮开肉绽专业户，战争场面特别是初上钢锯岭的那一段在大荧幕的加持下确实很震撼，能感觉到自己在与死亡同行！甚至觉得自己闻到了硝烟的气味！...不过很倒霉后座有解说帝全程弹幕，所以其他部分能看进去就见鬼了...,,,
乐乐乐了,看过,推荐,2017/2/23 14:19,11,有信仰而且严格遵守要求自己的人真有魅力～ 加菲脖子真长。。。。,,,
大海里的针,看过,推荐,2016/12/11 15:31,6,很爽的战争片，值回票钱,,,
jinying,看过,还行,2016/12/12 17:17,5,3.5星，不喜欢如此简单的价值观，虽然知道只有这样简单才能被大众喜爱。另外一个小时时才上战场的结构让人佩服，想到九层妖塔10分钟时男主角就上路了，这就是距离。,,,
安东,看过,推荐,2016/12/18 19:57,4,被战争戏惊得魂飞魄散。和平真好。,,,
