用户,是否看过,评分,评论时间,有用数,评论
安东,看过,推荐,2016/9/12 1:11,30619,明知山有釜，偏向釜山行。听名字像福建人拍的。
﻿鯨,看过,力荐,2016/8/21 0:14,14389,这部片子里的孕妇和甄嬛传里的孕妇战斗力不是一个次元的
同志亦凡人中文站,看过,推荐,2016/8/11 16:32,14817,妈呀韩国这丧尸片一来就全民皆丧而且个个跑得飞快！套路齐全、概念明确的商业电影，有阴谋有人性有牺牲，最后剩谁一目了然。看别人都从好莱坞毕业了我们还在比妖塔盗墓谁更烂，我心塞...
zjj,看过,推荐,2016/8/25 22:09,3731,这片最大的bug难道不是即使过隧道列车里面也有灯啊？
饮歌,看过,力荐,2016/8/1 22:35,8955,丧尸再也不是西方的专利了！韩国影人再一次向世人证明了他们非凡的叙事能力和精巧的借鉴本事。没有好莱坞式拯救人类的大英雄主义，多了的是人性的反思与情感的刻画。无论怎么看，这部电影都是亚洲影界的头一遭，五星鼓励！
sherry124,看过,推荐,2016/8/21 15:59,3441,这绝壁是散户在电影史上被黑得最厉害的一次……万恶的基金经理在收割韭菜后依然成了英雄……
荔枝超人,看过,还行,2016/8/31 22:38,3463,套路很深，下料很重！据说这部电影耗资100亿韩元，其中90亿用于几百名群演的霹雳舞教学费用。哦，对了，还要唱好歌，关键时候保命就靠他了。
L.John,看过,推荐,2016/9/1 17:26,445,继公路片之后，韩国开创了铁路片。ps 天下无贼真不差。
肉腾腾,看过,推荐,2016/9/12 14:22,898,“你不好好读书，长大就会变成他这样。”——大反派的台词我竟然也说过。如果最后一枪开了，我给五星。＃我果然就是大反派＃
小斑,看过,推荐,2016/8/19 15:53,401,丧尸和密闭空间，这两个元素加起来，只要剧本和执行不坑，爆米花的基本好看就有了。就可惜在“智取”这一点上想法少，武器设定也有限，一路各种扛丧尸有点重复单调，花样不够翻新。人物也好坏得太分明了，孕妇小孩老人过于标配。其实吧，最后要让那个人渣活下来才是正确的打开方式。
Redux,看过,推荐,2016/9/12 21:17,3248,气死我了，你们为什么不等天黑再出来?为什么?!?!?!
一颗豌豆,看过,推荐,2016/7/22 23:42,1984,最喜欢老奶奶这一人物设置 以及爸爸从火车跳下那个画面
Hecate,看过,力荐,2016/8/2 4:17,5831,目前亚洲商业片的最高水准 看完之后对国产电影充满了愤怒。
一粒沙白粥,看过,推荐,2016/9/12 23:40,1490,那个小女孩上了车，电影开场了那么久，我才看出来，她是个女孩！那她爸爸年年给她买什么Wii🙄
亵渎电影,看过,推荐,2016/9/12 11:10,1212,拍类型片这事，韩国甩出天朝几条街，人家已经是好莱坞一流的水准了，虽然各种元素用的很主流，但这就是个主流的商业大片，而且韩国人的催泪绝对是纯正的韩国特色，而且还保留了韩国电影的日常各种黑，算是部纯正的韩国味儿的好莱坞大片。
恶魔奶爸Sam,看过,力荐,2016/9/10 22:46,5481,大叔真屌，不过这个故事怎么看都是一个贱人害死一堆好人，让人生气
影志,看过,力荐,2016/9/12 1:09,4261,好过美国的《僵尸世界大战》，韩国在丧尸类型片的开拓一出手就登峰造极，个别桥段快准狠到了心骨眼！最后孕妇和小女孩穿过隧道如果遇到河正宇，那这片就真的是神作了！＝。＝
木卫二,看过,推荐,2016/9/12 0:15,1050,联系几个前作，感觉导演是深深的厌恶人类啊。毕竟某些人类要是面目可憎起来，真的比丧尸恐怖太多了。《釜山行》一直表现平凡英雄，有始有终。没有全开主角光环，没有太bug的战斗力，合理保存了妇孺、亲情与歌声。第一枚丧女、坦克大叔、空降丧尸、高速丧尸车祸、挂满丧尸的火车头都十分出彩。
大島,看过,推荐,2016/9/13 0:28,666,只觉得郑有美好美啊
野象小姐,看过,推荐,2016/9/16 20:41,436,不知道以我爸的智商和敏捷度，能不能撑到最后那截小火车。。
ღ 狐不悔，,看过,力荐,2016/9/12 9:26,951,“你留在这里比较安全。”“不要，这里更吓人。”最简单的对话，把人性的丑恶显露无疑。比起僵尸，更可怕的是那些看着他们活生生放任死去的人类。大叔是阳面，那西装男就是阴面。为大叔、乞丐和爸爸泪目…
有心打扰,看过,推荐,2016/9/11 23:26,350,1.这就好像在一列16节的高铁里面，连续进行了好几场百米冲刺比赛一样，每一段煽情戏码就是比赛间隔的休息喝口水；2.韩国的灾难片的掌控能力也确实驾轻就熟了；3.几乎所有角色都处理得很好，连群演丧尸也是；4.喜欢马东锡夫妇、中学生小两口之间的煽情段落，很美！5.年度台词：这里更危险。
umi,看过,力荐,2016/7/24 8:35,308,正巧赶上第100个评论~ 被导演的镜头吓死也被感动到不行 唯一要抱怨的是影片最后戛然而止影院灯光亮起得太快 狼狈的我拿着纸巾哭得正伤心 实在不能再囧赶紧收起情绪。。
张天翼,看过,推荐,2016/9/19 22:27,488,比僵尸更恐怖的是，我国电影跟韩国电影的差距
Helicopter,看过,还行,2016/7/25 13:00,2814,僵尸进攻的部分比较过瘾，火车拖着一尾巴僵尸的部分视觉效果很有趣；人文部分十分韩剧，社会讽刺过于直接而显得无趣了，男主那洗衣液CF般的闪回、洗手间哭泣都太cheesy，其实马东锡才是英雄，只是被塑造得不壮烈罢了；镜头感、节奏感so so，演员们演得不够害怕，有的部分特别明显。拜托，是僵尸也！
铁公鸡动画,看过,推荐,2016/5/14 8:52,653,刚刚在戛纳电影节看了首映，见到了导演本人以及主创团队，聊了一句:很不错的商业电影。
shininglove,看过,推荐,2016/9/12 17:13,179,通俗，只是不高级，不过仍然敬重第一个吃螃蟹的人。
尽欢,看过,推荐,2018/1/26 14:40,164,男主一方面爱自己的女儿，一方面也是重利轻义。最后自己跳下车，也算是完成了救赎。小女孩的歌声让外面的军队停止开火，给观众以希望。
橘猫爱吃鱼,看过,推荐,2018/1/24 17:22,145,在丧尸电影系列中，真心觉得是比较好看的一部，叙事风格和故事的展开很符合东方人的审美，确实是一部高水平的作品。
emmmm,看过,推荐,2018/1/30 15:07,135,三星半。这是我见过的跑得最快的丧尸了。。吓shi宝宝了눈_눈 整体情节紧凑，也有一些细思恐极的细节。胖子叔叔和那对小情侣死的时候让人唏嘘，还有拉开车厢门让丧尸进来的大姐。影片快结尾时，孔刘演的爸爸知道自己快变异了，最后时刻回忆起女儿出生时的情景，凄然笑着从车尾跳了下去，我泪目了。
卢十四,看过,力荐,2016/9/15 1:07,140,韩国姜武牛逼
张小北,看过,推荐,2016/9/12 1:22,510,该导演的第一部真人电影，算上鼓励分得有4星半了。叙事和技术做的很成熟。（我觉得中国电影要承认差距，但不认同某些人说的什么甩几条街……看看韩国导演来中国拍的那叫什么啊……技术和决心都有，无奈审查坑爹）
暹罗copen,看过,力荐,2016/8/20 16:57,2931,同在亞洲，差距好大，越看越沮喪。
浩子菌,看过,力荐,2016/9/13 4:15,1511,霓虹有寄生兽，棒子有釜山行，我大天朝有什么呢？床下有鬼之床下又有鬼。
王大根,看过,力荐,2016/9/12 0:39,922,《上海行》，G101次列车，北京开往上海，中途被要求在徐州下车。今年要上的那部抄韩国片的《美好的意外》，陈坤、桂纶镁、王景春，搬过来演三个主角刚好。棒球小伙找李现，棒球改成篮球，小女朋友就来个吴倩吧。会演戏的小孩想不出来，改成少女，张子枫。好了不做梦了，睡觉。
犬系少女刘七七,看过,力荐,2016/9/14 13:52,893,一个小小的建议：你可以晚上看吃饭时看，请不要乘高铁时看，会怀疑人生的。
夜麻麻嘛,看过,力荐,2016/8/31 22:33,254,我本来还挺怕的，但是看见孔侑的大长腿简直一秒跳戏prprprprpr 腿简直到我胸啊prprprprpr 我要回去把孔侑以前的电影都看个遍！！
LeungChanXXX,看过,推荐,2016/8/22 0:47,557,过瘾。节奏快，人设饱满。尽管依旧是千篇一律的西方丧尸电影模式，但韩国这次的尝试还是蛮成功的，群尸场面能媲美《僵尸世界大战》，行动与感染速度赶得上《惊变28周》，每段丧尸追逐戏都能看得手心出汗。当然核心还是人性刻画与反思，有几处煽情的地方都把我旁边的观众煽哭了。
Wongwongwong,看过,力荐,2016/8/30 21:47,224,前4/5和基友疯狂吐槽 后面哭成狗 艾玛。。圣母的光环照耀大地；孕妇和小孩拿着丧尸电影的免死金牌；韩国人反射弧好长 发呆5分钟才跑；小女孩太丑了实在太丑了又黑又丑
完达山一号,看过,推荐,2018/1/15 10:15,208,满屏放不下的孔侑叔叔的大长腿，和女主第二次合作了，看的怕怕的，坐高铁都有阴影了～～～人性人性，时常在想，自己遇到这种情况是会怎么样呢？好在结局把女人和小孩接回去了，而没有被放弃，嗯
蔕,看过,还行,2016/9/11 22:15,2384,爸爸知道自己感染快不行了，最后时刻回忆起女儿出生时的情景，笑着从车尾掉下去。这一段还是比较感人的。但影片整体不算精彩，且韩国电影特容易出现的人物发愣、呆滞的节奏，此片也不断出现，言情剧出现这个还能理解，但你这是丧尸片啊，人物的表情停顿时间过长很影响观感
弗朗索瓦张。,看过,推荐,2016/8/20 5:12,181,年度十佳候选，韩国人第一次拍丧尸就直接拔高到了绝对的亚洲第一水准。尽管毛病还是很多，剧情略俗，但韩国人对于欧美先进事物的学习吸收能力不得不说一向一流。
桃桃林林,看过,还行,2016/5/15 4:18,1046,比预想的好，《僵尸世界大战》的僵尸模式，虽然不可避免的出现了很多套路与恶意煽情的东西，但是，惊悚的氛围把握还是挺准确的
芦哲峰,看过,还行,2016/9/12 17:13,890,这是丧尸片，不是僵尸片。丧尸与僵尸最大的区别在于，丧尸是活人变的，僵尸的死人变的。人与丧尸僵尸最大的区别在于，人有坏心眼。
曾良君,看过,推荐,2016/9/12 7:15,133,今晚可以说不看不是人了，赶紧看了一下
明珠一颗孙小美,看过,推荐,2016/9/14 16:43,151,韩国人在批判政府和资本上完全不花功夫刻画，大概是毫不避讳吧，他们竟然在意识形态上面甩了我们这么远。
俺饭栓Q嗯韭？,看过,推荐,2018/2/2 10:49,107,非常感人，明明是惊悚片，却赚足了我的眼泪。考验人性的时刻，人性经得住考验吗？在看完的很长一段时间里，坐高铁动车的时候都细心观察身边的人，生怕有人反常，哈哈哈，怕是中毒太深。
小柚子×旅行家,看过,力荐,2016/9/12 12:01,183,今年截止8月最致郁的电影。比贪婪可怕的是病毒，比病毒致命的是政治，比政治更黑暗的是人性。五星推荐。
嘿呀艾玛,看过,推荐,2018/1/17 19:41,68,虽然题材是关于丧尸的题材，里面的情节很紧张紧凑，但是整个影片下来最重要的讲的是人性和亲情还有爱情，我感触很深的是那对棒球队的情侣，怀孕的妇人和他的老公，还有那个老婆婆，最后就是那对父母，父亲在最后感染的时候跳下火车，还有中间系列对人性的考验，看完后内心会非常的压抑，很感动
木由,看过,力荐,2016/9/14 20:01,307,发现我的哭点很奇怪，开始为胖大叔哭，再被丧尸吓哭，绝望哭，为瘦大叔哭，再被狙击手吓哭，为小女孩的歌哭一直哭到喉咙充血脑子不会动像只丧尸，缓了好久才来写影评。上次哭成这样还是忠犬八公。感恩导演没有为噱头击杀她们，不然我会哭死的。以后我嫁老公就一个标准，好人，能打架，带我逃。
宠,看过,推荐,2018/2/12 15:57,91,这是看过的丧尸片子里最让人感觉到舒服的！以往看丧尸片会让人感觉画面很血腥！不舒服！但这部片子以改往常的丧尸片，在丧尸片中加入了人性的考验！我觉得这位导演还是很棒的！到最后小女孩唱起歌的时候，瞬间泪目，扫去了之前丧尸的恐怖！看完之后会引起我们的思考！里面每一个演员都表现得很出色！
冰拿铁,看过,力荐,2016/7/23 23:45,105,虽然有些情节交代的马马虎虎，不过被丧尸追逐什么的很精彩刺激，还有笑点，泪点。最喜欢最后车厢里的对立，彰显了人性的善与恶。那个人模狗样的大叔，分分钟想砍死他八百次！！！题外话：我不反对偶像演戏，可是演技尴尬请先接一些尴尬的片不好么，在一部好电影里只有你分外出戏啊~~~
rasler,看过,较差,2016/9/12 0:08,233,1.逻辑性巨差的片子，给8+有些过誉。2.逻辑不通谈何人性。3.务实主义可以确保人类生存100选1，我选100。
匡轶歌,看过,还行,2016/9/13 11:19,223,有的人救人是本能、有的人害人是本能，有的人救人是事件教育＋自我反省，有的人救人or害人，是导演说了算。人物总在该拿主意有行动的时候发呆磨时间，看得直捉鸡。别太埋汰好莱坞，好莱坞可不会这样拖戏毁节奏，还是韩剧特色。男主全程智商飘忽演技不在线，小女孩该跑时不跑、不该跑乱跑，略烦人。
[x],看过,还行,2016/9/12 20:46,173,我的内心毫无波动，甚至还想笑。
南笙,看过,力荐,2016/9/13 17:03,94,最后那一枪，我还以为要开呢，想到《活埋》。
欢乐分裂,看过,还行,2016/9/11 19:30,749,孕妇体力max
花衬衫,看过,推荐,2018/1/24 18:03,80,在害怕恐惧的情境下，每个人的选择不同，善恶就在一念间。
行走的种子,看过,很差,2016/5/14 7:10,1798,对不起我实在是无法忍受这部电影，看了半个小时愤然离场。没看完就说有可能偏颇，看完全片的朋友可以来指正。但我完全不能理解戛纳为什么会选这样一部毫无原创性的，完成度还不如美剧行尸走肉的僵尸片，即便不是主竞赛，也不能理解。戛纳是堕落了还是怎样了？！
Hey Johnny,看过,力荐,2016/9/13 23:08,132,看了部好电影的感觉真是回味无穷，不爱电影的人简直无法理解不能沟通！——豆瓣九年，感谢依然有它提醒我保持初心。依旧没有爱人却也依旧爱电影，也没啥不好。
鸡头井。,看过,较差,2016/5/14 22:54,1983,韩国丧尸跑得好快！
张鱼妹,看过,还行,2016/9/14 0:14,368,我老公说我变丧尸了就让我咬他。然而，当棒球妹变丧尸了，他还骂棒球男傻逼还不跑ˊ_>ˋ
甜鱼拌饭酱,看过,推荐,2018/2/13 17:17,75,节奏感不错，孔侑演技到位很有魅力，比较成功的一部商业片。
恶鸟,看过,推荐,2016/9/1 22:41,91,开场的僵尸鹿就惊艳了，汉江怪物之后，又一力作，全程无尿点，成堆僵尸扑街的造型不错。感情戏演得恰到其份。中国恐怖片至今没拍到这个水平，哪怕只是节奏对，剧情无漏洞，配乐不出戏，对白不要白痴，都没做到过。
Xiao白银啊,看过,推荐,2018/2/12 22:12,71,哎呀这部丧尸片是真心好看啊 原本以为会很恐怖 不过看了觉得还好 看到了很多人们在遇到困难的时候做出的一些选择 最喜欢的应该是他们从后车厢打到前面去找亲人的时候吧 太精彩了 还有不显眼的老太太姐妹亲情线 后来爸爸为了女儿和孕妇而跳火车的那里好感动啊 演员演技都不错 赞
麻绳,看过,还行,2016/9/12 0:20,103,导演做出一副探讨人性的样子，只是想用狗血套路引几滴观众的眼泪出来。
不错我就是神,看过,推荐,2018/2/10 23:18,59,很好，看的一直很紧张。母女俩最后逃命从铁轨逃出的时候又捏了一把汗。反应了人性在危难之时各自的反应。
落苏,看过,推荐,2016/9/18 18:42,47,对于亚洲丧尸片，场面不错，放眼全球，场面小家子气了点，但还算有点内涵
莫吉多,看过,还行,2016/5/14 15:51,91,3.8 套路加套路也挺好 避免不了主题运用的小家子气以及结尾韩式抒情 第一次银幕看丧尸片都是套路还是被感动了摔！父女 夫妻 青春 老年 尽职的司机 和自私的人类 灾难片人性对比最后小情节出乎意料 可爱的人都死了。缺点也很明显整个片子编剧尽在掌握 有些硬但过得去 韩国电影越来越好
黑暗少女脱力酱,看过,还行,2016/9/12 12:08,97,真的好烦咋咋呼呼的小屁孩
赫恩曼尼,看过,力荐,2016/9/16 22:07,74,最后父亲坠车的影子，太感人。看似讲的是对抗僵尸，其实是对抗人性。韩国的丧尸片比美国的好看太多。美式丧尸太逗比，少了代入感。
嘉兴路民政局,看过,推荐,2018/2/13 0:15,60,这部剧记忆深刻，我们在宿舍晚上管了灯一起看的，很可怕但是也很感动，很喜欢那个胖大叔
看守煙霧的人,看过,推荐,2016/8/8 21:23,50,陪韓國朋友二刷我是首次看。比起想像，一點都不可怕！也確實沒《哭聲》可怕。馬東錫大叔太有型看完轉粉！！！比起殭屍類型，更關心的是其中對政府和人性的批判。比起被感染的人，那個寬臉大boss才是最可怕好嘛！化裝、視效讚！with 건오 CGV홍대입구 0808
kathyy,看过,推荐,2016/8/29 1:08,64,不要因為像爛片一樣的名字而錯過這部電影。作為一個非喪屍片愛好者，很幸運因為腸胃炎沒吃東西就進電影院⋯恐怖氣氛一流，煽情力度一流，男主角從自私自利到無私奉獻的成長，人性的善惡對比等等。故事已經很完整，收尾還來了個小反轉：如果小女孩沒有唱歌，那最後的結局又如何呢？人性就在一線之差
橐龠,看过,推荐,2018/1/30 9:53,56,刚开始有点害怕，但是后来就越来越感动，虽然是部丧尸片，但是我看到了人性的温暖，不管现在的我们是什么样，但内心深处都有一个柔软的地方，小女孩歌声里就是未来的希望
愿此间山有木兮,看过,还行,2018/1/25 19:40,80,哇这里面的丧尸简直太可怕了！跑的也太快了吧！！！和我之前看的完全不一样，一个个简直跑的飞快！我深深的感觉如果是我我早就挂了，跑不动跑不动啊
朝暮雪,看过,还行,2016/9/14 1:28,57,来不及解释了，快上车！
东篱,看过,力荐,2018/2/19 12:27,78,很感人的丧尸片，惊悚中透露着温情，人性并不是只有丑陋的一面，胖大叔让人觉得很温暖
沈贵人的酒,看过,力荐,2018/1/20 2:19,76,听说是一部恐怖片，大半夜几个人关了灯，在寝室里面看，看哭了几个人，也吓到了几个人，男主和女主是熔炉里的两人吧
薄荷清凉,看过,推荐,2018/2/8 11:49,59,看过这部电影真的印象很深刻，丧尸恐怖的样子很让人害怕，几位主角也很有特点，爱情，亲情，友情都演绎得很好，好几位都选择了牺牲自己，只为了救自己最爱的人，又恐怖又紧张刺激又感人
A天涯任我行,看过,推荐,2018/2/12 23:34,47,最具温情的丧尸片，没有过度的惊悚，更多的展现情感的交融，看着很让人回味。
开心的小叮当,看过,推荐,2018/2/7 9:50,43,父女俩一路挣扎过来，终于快看到希望！结果父亲却被丧尸咬了。为了保护自己的女儿，他把自己拴在火车上！看着都有点难过☹
嬛嬛一裊楚宮腰,看过,还行,2018/1/30 11:01,55,除了看了令人熱血沸騰、驚心動魄的殭尸情節，還有溫馨的親情也佔了很大一部分，是一部值得好好欣賞的電影。
艾小柯,看过,还行,2016/10/2 11:55,55,最煽情的僵尸片！节奏感不错，僵尸的奔跑速度令人震惊。有些片段的处理还比较细腻，比如怀孕那一对的彼此对话等。主人公父女的表现则比较一般，中规中矩没有亮点。
baochen,看过,推荐,2018/1/31 9:32,61,韓國電影對人性的刻劃 感情的傳達 真的很厲害 值得一看
章鱼烧鱼章™,看过,推荐,2016/9/12 14:54,64,良心群演！
河堤上的貓,看过,力荐,2018/1/17 23:40,43,看過這麼多的殭屍片，這部是裡面最感人的，尤其是有了孩子後感受更深，都流淚了很感人
飞翔,看过,还行,2016/9/17 0:09,61,只能说还行吧，因为上了gana，喷子们就对棒子的电影这么崇拜，还贬低中国电影，这到底是怎么了？
谁家今夜扁舟子,看过,还行,2018/2/11 16:13,41,好奇心让我点进去，求生欲让我退出来，还是在满屏弹幕中看完了，我果然不适合看恐怖的东西。
易老邪,看过,较差,2016/9/16 0:13,62,三流丧尸片，一点不好看。
恶魔的步调,看过,推荐,2016/9/12 22:20,56,生死尸速。孕妇和胖子的组合实在太美。宪哥这个贱人，终极害人精啊！
changheluo,看过,推荐,2016/8/6 0:27,72,1 紧张刺激，悲喜交加。特别是丧尸们演的太不容易了，真心赞。2 政治不正确地说，有点像当年朝鲜革命军把南韩伪军逼到釜山一隅的感觉。可是到底没等到美军在仁川登陆。
大奇特(Grinch),看过,还行,2016/9/11 23:17,52,《卡桑德拉大桥》的里，《僵尸世界大战》的表，对于丧尸的特点及弱点，拥有合理的编排；几对人物关系间的前后反差与连锁反应，提供了情感的力量，将它们与“吃”人社会做对比，比如何抗丧尸更具看点。
都是猕猴桃的错,看过,推荐,2016/9/17 0:09,65,感人归感人，可是能不能遵守一下丧尸基本法，不要跑起来？
魏晓波,看过,还行,2016/9/13 0:53,54,明年外星人应该会入侵韩国了
恶魔的步调,看过,推荐,2016/9/12 22:20,56,生死尸速。孕妇和胖子的组合实在太美。宪哥这个贱人，终极害人精啊！
旅途人生,看过,推荐,2017/2/13 7:23,41,第一次看僵尸片，虽然并不恐怖，但令人感觉很不舒服！说这部电影领先中国30年毫不夸张！不说别的，就这敬业精神就不是中国演员能比的，群演的僵尸很逼真，如果换成中国绝对能成喜剧！考验人性，男主也从自私之人变成无私奉献之人，也从只顾自己变成牺牲自己。导演人设也很有趣，挺不错的电影
Indecent time,看过,推荐,2016/9/11 22:30,62,高铁公路片，咬人止不住。明知山有腐，偏向釜山行。精英多作怪，大义小民补。韩影多煽情，终归制作足。
Crazy Henry,看过,力荐,2021/10/26 23:32,103,你走过三节丧尸的车厢，却走不过一节车厢的人心！
旅途人生,看过,推荐,2017/2/13 7:23,41,第一次看僵尸片，虽然并不恐怖，但令人感觉很不舒服！说这部电影领先中国30年毫不夸张！不说别的，就这敬业精神就不是中国演员能比的，群演的僵尸很逼真，如果换成中国绝对能成喜剧！考验人性，男主也从自私之人变成无私奉献之人，也从只顾自己变成牺牲自己。导演人设也很有趣，挺不错的电影
宋小卡,看过,还行,2016/9/14 19:19,55,感觉《釜山行》也没有，吹的，那么牛逼啊，完全用不到震惊世界这种词儿来形容吧……也就是对境界的追求上，高那么一乃乃吧，但所谓的人性表现也太简单！直给！着急！了，一点复杂性都妹有。而且，每当我看见群演们，释放天性，撒了欢儿的在空地上丧尸跑的时候，就打心眼儿里觉得，他们肯定都特高兴。
Indecent time,看过,推荐,2016/9/11 22:30,62,高铁公路片，咬人止不住。明知山有腐，偏向釜山行。精英多作怪，大义小民补。韩影多煽情，终归制作足。
▲,看过,力荐,2016/9/11 22:28,62,孕妇才是终极大Boss，跑全场跳火车打鸡血活到老。
蜉蝣,看过,较差,2016/9/11 21:29,35,好莱坞高仿中的标配基本款。
谢谢你们的鱼,看过,力荐,2016/9/11 23:58,30,非常面面俱到的主流僵尸商业片，逃脱方式上能利用僵尸的特性和弱点，狭小空间带给观众足够的紧张感和压迫感，角色鲜明塑造到位而对于人性的展现虽然点到为止但是五脏俱全，除了入戏有点慢我是没看到这其他的缺点。
荞麦,看过,推荐,2016/9/13 13:17,42,节奏还不错的商业片，虽然到了某些时候还是难免韩国人最爱的拖沓……不过怎么说呢，一流的商业片也不如二流文艺片有意思……
Un,看过,推荐,2018/1/12 17:51,26,影片可以给满分的，但是想了想还是打四颗星吧。影片很感人，揭露了人性的黑暗与丑陋，但正是这些黑色背景也从侧面烘托出了人类之间的大爱与团结，泪点突出，情节紧密性强👍，不错
大萌,看过,推荐,2016/9/16 21:38,35,里面有个害人精，看得我好生气啊！
陈哈,看过,推荐,2016/9/12 23:10,57,3.75分吧。框架之内，无火花，无过失。结尾为了煽情而不顾逻辑，扣分。且不说已见了无数僵尸的军队，是否连僵尸式走路姿势都分不出来。喊一嗓子“你们是僵尸还是正常人啊”有这么难？
仰望星空不好吃,看过,推荐,2016/9/12 10:01,62,看一半想起来胖子对小女孩说要等两个人上完厕所是什么意思，很甜呀。虽然爱煽情，设定也各种俗套，但还是觉得角色都很饱满，特别各种对比很有意思，僵尸变异速度好快&拖住火车的僵尸群好酷！僵尸世界大战里印象最深的好像也是叠罗汉。PS想看血浆丧尸什么的这片还是算了。
狷介有乌青,看过,推荐,2016/9/11 22:41,52,群演比老美丧尸的战斗力直接提升N个水平，且在没有一枪爆头的设置下加进了手撕丧尸的技能。（每一个灾难片都得有一个让观众恨得咬牙切齿的角色一直活到电影的四分之三进度条）
黄青蕉,看过,力荐,2016/10/28 20:59,45,节奏特别好
陈哈,看过,推荐,2016/9/12 23:10,57,3.75分吧。框架之内，无火花，无过失。结尾为了煽情而不顾逻辑，扣分。且不说已见了无数僵尸的军队，是否连僵尸式走路姿势都分不出来。喊一嗓子“你们是僵尸还是正常人啊”有这么难？
霜天盈月,看过,还行,2018/2/11 0:34,33,这电影很不错，算是经典的影片吧，危难时刻见真情……
仰望星空不好吃,看过,推荐,2016/9/12 10:01,62,看一半想起来胖子对小女孩说要等两个人上完厕所是什么意思，很甜呀。虽然爱煽情，设定也各种俗套，但还是觉得角色都很饱满，特别各种对比很有意思，僵尸变异速度好快&拖住火车的僵尸群好酷！僵尸世界大战里印象最深的好像也是叠罗汉。PS想看血浆丧尸什么的这片还是算了。
狷介有乌青,看过,推荐,2016/9/11 22:41,52,群演比老美丧尸的战斗力直接提升N个水平，且在没有一枪爆头的设置下加进了手撕丧尸的技能。（每一个灾难片都得有一个让观众恨得咬牙切齿的角色一直活到电影的四分之三进度条）
浣熊市垃圾回收,看过,力荐,2016/9/14 3:09,45,近年来最好的丧尸片之一，剧本和演技都不敷衍，完全不是那些流水线糙货。能认真而诚恳地拍部烂大街题材的商业片相当值得赞许，因为很多时候这种片都摆明了抢你钱+强奸你智商还没让你爽。但是这部电影不同，它有一个小而完整的故事，感情激发恰到好处，一气呵成。小女孩演技绝赞！我哭肿了眼睛！
豆友170823098,看过,推荐,2018/2/16 10:37,33,孟子说“人之初，性本善”；荀子说“人之初，性本恶”。人性到底是善还是恶！！
鸟倦知还,看过,推荐,2016/9/11 23:48,33,韩影在解剖人性和煽情方面一直是把好手，新加入的丧尸元素也为紧张的节奏和恐怖的气氛加分不少，总的来说，是部不错的商业片。
肥肥鱼,看过,力荐,2016/9/13 12:26,58,会跑酷的丧尸，就问你怕不怕……
北野。🍊,看过,推荐,2021/8/30 11:08,57,在评论区看到有些毛没长齐的说什么：最后那一枪要是开了，就是神作了！并带有明显的失望的情绪，这条评价还一万八千人点赞？不是，我就很奇怪，完全泯灭了人性就能成为你们眼里的神作？这是什么思路？NMLGB、草来
KID,看过,还行,2016/9/12 3:11,32,评分高的有点儿过分，感觉《流感》比这个不知道要高到哪里去了！
蒂莫西,看过,推荐,2016/9/11 22:52,37,不错的商业片。虽说依然有韩国电影里惯有的套路和煽情但是不影响影片整体水平。短评里小学没毕业的那几位，学会用爱的眼光来看待这个世界不好么？人家抄袭也好剽窃也罢没有原创性完成度不够巴拉巴拉的，但是最起码人韩国拍电影没把观众当傻逼耍啊，某国总拿垃圾强奸大众双眼也不能都让人广电总局背锅呀
梦里诗书,看过,推荐,2016/9/11 16:34,26,虽然就剧情来说，《釜山行》只是沿用了一个好莱坞僵尸题材的模板，但不可否认无论是从情节的紧凑，还是特效的真实上来看，其已然拥有了与好莱坞能一概而论的功底，而韩国电影所善的煽情，更在这部电影中有着行云流水般的巧融。
肥,看过,推荐,2018/2/12 13:05,20,看完後，感覺挺體現社會的現象的，是一部不錯的電影
喻鸣,看过,推荐,2016/9/13 18:00,35,外表是《僵尸世界大战》的尸速求生，内里是《卡桑德拉大桥》的人性善恶，再次感叹韩国的类型模仿和创新能力，将封闭空间的极限生存设计得跌宕起伏，套路里又见本土特色，几处煽情也不令人反感。有个大漏洞，第一批幸存者要隔离有感染嫌疑的主角们，正常做法不是让他们留在原地自己退守后一车厢吗？
待城,看过,推荐,2016/11/7 18:22,24,人性到底是什么样的呢，这部电影给了我们解释，虽说有些人在遇到危险的时候只想着自己，但我还是愿意相信世界上还是像秀安爸爸这样的好人多，愿我们都能被世界温柔以待。
Joey的第34任女友,看过,较差,2016/9/13 10:22,19,剧情引人入胜。但论实质，这部片其实和唐山大地震之类没有什么区别，为煽而煽为虐而虐，群演人物脸谱化，善者极善恶者极恶。从熔炉到素媛到金福南到哭声，这些年的韩国电影都热衷于拿极端故事博眼球，很聪明，但也有点投机取巧噢。有一场很紧张的戏竟然笑场了，怪我。。。
已注销,看过,推荐,2016/11/28 11:40,38,前后水准并不一致，结尾部分大家像集体智商下线了一样。不过，整体还是一部好电影。
小岩井,看过,推荐,2016/9/17 3:13,41,虽然 bug 不少，但确实是一部好片。感慨韩国电影的前进速度，真的越来越稳。羡慕啊。
A蓝精灵,看过,推荐,2018/1/23 20:42,46,总有种看完还想看的感觉，虽然觉得很恐怖，但是真的很不错呀～
Peter Cat,看过,还行,2016/11/8 9:18,27,3.5，其实写这样剧本不难对吧，但是拍成这样是需要有一整个工业支撑的。不知道我国的编剧们是否已经攒了很多这样剧本……
FMIUL,看过,推荐,2016/9/13 18:03,43,恭喜韩国电影又甩了我们十年，从早期的《老男孩》《杀人回忆》到前几年全面开花的《辩护人》《熔炉》《恐怖直播》等，韩国从小到老一票戏骨以及负责任的电影工作者们，把我国那群靠鲜肉卖脸卖青春自拍式演技把观众当智障的脑残圈钱片导演们羞辱个遍，不知他们看到韩国这几年各种牛逼片会不会觉得惭愧。
吉时行乐文棠生,看过,力荐,2016/9/12 0:09,40,你国装神弄鬼靠卖肉吸睛把观众当傻子的惊悚片给这部提鞋都不够。相对本国电影来说四星半因为其实可以更好，但相对你国来说，六星都不够。别再让审查制度和意识形态背锅了，都他妈想着给投资人当孙子有几个好好拍电影的啊求你们了。
已注销,看过,推荐,2018/2/12 14:34,21,末世见闻，末世中的人性，再一次反应了韩国的部分现状。
少数豪,看过,还行,2016/9/15 16:13,24,无聊
张苑希,看过,力荐,2016/9/11 20:07,28,超赞的韩国商业电影，又酷又爽又过瘾，高潮一波接一波，看得人拍手称快。泡菜就算是在拍丧尸题材也不忘融入人文、思想、情感、政治等等元素，结尾的煽情不过不失，点到即止，反正我是被感动了。孔侑+郑有美真是黄金组合呐，继《熔炉》之后的又一力作！
cao,看过,推荐,2016/9/12 1:45,27,太套路了，但是能把套路做得圆满也是很难得了
多看电影爱电影,看过,推荐,2017/2/15 8:30,23,《釜山行》是第一部亚洲拍的丧尸大片。里面演丧尸的群演真的很给力，演的特别像！
吉米糕,看过,力荐,2016/9/13 6:05,19,哦，天哪，这是韩国。
托尼·王大拿,看过,还行,2017/1/5 10:48,14,大量腻腻歪歪的别离使得全片的节奏十分割裂与拼贴，但是闪光的地方也不少：除了主打的丧尸场面，还很喜欢对结局和反面角色至死也不搞什么人性觉醒的处理。
待注销,看过,还行,2016/9/18 14:34,26,这个舶来的丧尸病毒特别像共产赤祸的隐喻，感染后人性泯灭，亲情友情爱情全部反噬殆尽，而即使浩劫过后之幸存者，亦难免道德沦丧，互贼互害不择手段。尤其五十年代后各种运动中人人互咬，落水者出于自保或者泄愤往往咬出更一大串，使人不得不生此联想。
貓小三的意思其實是如果先生,看过,还行,2016/9/13 3:07,29,我，全程都在等孔侑脱下他的衬衫。然而退役后不再卖肉的他，只是让胸肌隐隐起伏在衬衫下。
嘟嘟熊之父,看过,较差,2016/9/14 22:01,20,唉，人类对于因果线性的思维模式和非黑即白的价值输出真的有一种天生的依赖，哪怕一眼就能望向结局。看这种电影像约炮，约前兴奋，约后空虚。
Obtson,看过,还行,2016/9/18 13:33,23,孔侑凭借此片奠定韩国头号抱孩子男星的地位，比《熔炉》那会儿更娴熟了。
SheliaLiu,看过,推荐,2016/9/25 23:29,23,给那个主动开门放丧尸的大妈点赞，最后那一枪开了就是神作
袁萍,看过,推荐,2016/11/2 11:12,22,丧尸不会吓到我，惊恐和恶心的是人性！！人性比丧尸恐怖多了~
头你别疼了星人,看过,还行,2016/9/12 22:20,23,三星到四星之间。最爱角色是胡子大叔，好男人啊。韩影对政府和军队真是逮住机会就要黑一下，这个态度肥肠可爱。为什么韩国灾难片都要搞个小孩当主配角呢？烦，减分。
兆龍他城,看过,推荐,2016/9/13 0:21,30,如果最后一枪开了，我给五星。
文泽尔,看过,还行,2016/9/15 10:45,19,补标 毕竟太过类型化 一群韩国人在认真演好莱坞僵尸片的感觉 套路之外全无惊喜 甚至为了套路而套路 各方面不如僵尸世界大战 结尾没有黑化不开心 话说回来 因为本身很喜爱僵尸题材 所以还是值得一看 马东锡战斗力破表 有加分 前传动画并不好看 全无重点 想起来再专门标下吧
zitsunari,看过,推荐,2016/9/12 0:00,18,据说丧尸片起源于对红潮蔓延的恐慌，所以韩国拍这个还是挺有说服力的。还算好看，不过每个人牺牲的顺序都被我猜中了。
安蓝·怪伯爵𓆝𓆟𓆜,看过,推荐,2016/9/11 22:15,24,节奏不错！这可是人家第一次拍丧尸片诶！没有主角光环，每个配角都是真实的“human being”有弱点也有特点，1小时20分处好评真解恨。结尾有点儿像“流感”。有美欧尼跑起来我真担心肚子掉了==
É,看过,还行,2016/8/28 5:52,19,用老套的剧情及音乐煽情赚取眼泪的手法实在low，看得我直翻白眼，要是结尾能不这么老套更残酷点，简直可以提升到另一个境界，可惜也就只停留一般商业娱乐片的水平。不过再看看我们中国的商业大片，唉。。。。。
LORENZO 洛伦佐,看过,还行,2016/9/21 6:45,21,不能比。一比才知道国产片有多烂。
安德烈大叔,看过,推荐,2016/9/13 22:31,20,本文叙事流畅，结构工整，按照颜值高低一一淘汰人物，首尾达成呼应，深刻的揭露了资本主义韩国人性的冷漠与黑暗。
平昭,看过,推荐,2016/11/19 21:54,22,其实片子bug挺多的，但是亚洲丧尸片这部绝对算不错了，将人逼至极致后的人性爆发，其实在现实中并没有太相似的地方。一部不错的商业片，但称为亚洲商业片的最高水准未免捧杀了
叶酱,看过,还行,2016/9/14 22:56,26,喜欢胖大叔耶
123456昵称,看过,还行,2017/1/5 15:23,16,很恶心这种片子，很少看此类片子。
曾于里,看过,力荐,2016/9/11 20:55,15,挺佩服韩国的电影产业的，能够生产出这么优秀的商业类型片，韩国就5000万人口，此片就有了1000万的观影人次。全程无尿点，韩片的煽情总是拿捏到位
芥末蘸酱,看过,还行,2016/9/19 16:45,11,在飞机这种密闭空间看还挺加成的，尤其是孔侑最后踢丧尸时后面的人也在踢我的椅子……
王这么,看过,较差,2016/10/5 11:25,16,硬伤槽点太多，作为商业片也是很难看的。主要卖点是“我们确实智商低下乌合之众，但我们会煽情啊！你们丧尸也没脑子可你们懂感情吗？呸！”
竹叶卷心,看过,推荐,2016/12/29 11:22,17,挺不错的丧尸电影，特别喜欢那个大叔和他老婆，两个人感情很深相处也很温暖，大叔是一个很有魅力的形象。但是这个电影也有很扯的安排不合理的地方，还有就是棒球队那一对挺可惜的，男的真的好爱那个女孩！
wfygqd,看过,推荐,2016/7/4 18:17,22,僵尸终于来韩国了……感觉有点僵尸世界大战的影子 还有僵尸的黎明的影子 总之挺棒的
SunD0wn别丧啊,看过,推荐,2016/9/12 23:34,12,一直等着就剩下自私自利的大叔。。。结果就剩下俩战斗力最渣的善良人！
SydneyCarton,看过,还行,2016/9/16 17:48,12,太无聊了。为了凹寓言的造型，完全无视正常逻辑。小女孩的选角创选角眼光新低，看到丫就烦。只有开场的僵尸扭曲姿势狂奔和拖车尾稍好，其他的真的乏善可陈。说这片技法好，真是瞎了。
orangereen,看过,力荐,2016/9/14 11:09,13,镜头细腻，人物立体鲜明，没有普世价值观里的英雄，但每一个离开的背影在幸存者心中都是一座伟岸的山，父女分别那段直戳泪点，想到老爸，哭的不要不要的，若丧尸化的一刻是生命终点，即使眼珠被蒙上灰色，也能透过生命美好感受到光。最后的歌声既是艺术化的处理，又何尝不是一种枪口下的自我救赎和希望
猫司令,看过,还行,2016/9/27 5:36,18,套路不错。但是确实有点吹上天了。
闻君有白玉美人,看过,推荐,2016/11/25 22:55,22,真的很会利用人性来赚足观众眼泪，先设计好必须情节与人物，再往里面塞东西。成功的商业片，丧尸与主角演技到位。
逍遥兽,看过,推荐,2016/9/13 22:06,23,肯定不会只有我一个人联想到卡桑德拉大桥吧。btw孕妇太矫健，完全不像真的
shield,看过,推荐,2017/2/22 20:59,12,不是害怕就是有点恶心，跟风给个好评吧
喵喵喵,看过,推荐,2018/2/12 18:27,18,本来以为是恐怖片类型的没敢看，后来听说评分挺高的，就和朋友一起去看了，真的是一部很好的片子，在这种非自然灾难面前，人类是弱小的，但精神却是强大的，父亲对孩子的爱，丈夫对妻子的爱让他们不顾一切为孩子，为妻子赢得生的希望……值得一看
马达,看过,还行,2016/9/27 19:07,25,在火车上看的，觉得满车人都是丧尸
壳子,看过,推荐,2017/1/5 14:51,17,第一次看丧尸片 胆子大没感觉害怕 这部影片对于人物性格塑造和形象的设计把控的很好 会让你觉得就是你身边的人 会让你设身处地思考如果是你处于那样的情景你会怎样做 引人思考令人感动的电影是好电影 演什么像什么的演员是好演员
血源2出了吗？,看过,很差,2016/9/12 23:22,12,毫无新意
薇羅尼卡,看过,还行,2016/9/14 11:18,13,事实再次证明，不要随便看热门片...感动嘛，确实有，但是仍旧归类到院线娱乐片比较合适，对于人性的揭露还是过浅。丧尸也没有觉得设计的多精彩，麻麻随便看看
思郁,看过,推荐,2016/9/11 22:33,14,从此片可窥探韩国商业电影和类型电影已经成熟，跟任何好莱坞僵尸片都不逊色，中国电影人也该学学了
九個9,看过,还行,2016/9/13 22:39,17,亚洲的丧尸果然有性格竟然怕黑，是在倒时差么？
熊阿姨,看过,还行,2017/1/1 23:24,12,太工整了，所有前面的伏笔都没浪费，一个一个一个抛出来起作用，最后注意力全放在预测又要用什么伏笔了。
若梦,看过,推荐,2018/1/18 16:45,62,刻画出人性，每个人都有不同的选择与性格。剧情紧凑刺激。结局也比较有意义
rune1121,看过,力荐,2016/9/11 22:51,14,特技不是最好，摄影不是最好，甚至桥段创意都不是最好的，但是有史以来最触动人心的僵尸片。现在已经不是十几年前玩个生化危机1都能吓得晚上睡不着的年代了，如今僵尸们比邻家女孩还大众化。。。能把这么烂俗的题材拍成这水平，导演和编剧功力惊人
xxhhcc,看过,还行,2016/9/15 19:34,8,韩莱坞标准商业大作，可惜近年来趋于模式化，娱乐性和血浆性都不及同样打僵尸的<请叫我英雄>
猫小蓟,看过,力荐,2016/9/18 10:58,8,大妈开门好评！剧情和效果都不错啊~~如果是我估计第一个主动喂丧尸了，这么逃亡好绝望啊～～
富嶽百景,看过,力荐,2016/9/13 23:57,6,泪点：母子电话，胖大叔丧尸化，以及结尾孩子唱歌。每个角色都鲜明。电影很棒，导演拍的好，拖一火车尾的丧尸可以是经典场景了吧。演员都不错，喜欢的当然是胖大叔，存善勇敢强壮爱老婆！金义城的反派演的棒。(没认真看电影的人最爱BB吐槽bug钓鱼)
心生,看过,推荐,2016/9/21 13:27,5,套路成就商业，夹带的关怀构成内核。
乔小囧,看过,还行,2016/9/14 4:33,12,丧尸工作原理：只是因为在尸群中多看了你一眼……
阿V,看过,还行,2016/9/10 22:05,25,"韩国好老公，日剧跑孕妇，感脚孕妇把肚子都跑小了(¬˛¬"")群众尸化2秒钟，男主被咬能活5分钟诶～"
北山公园,看过,推荐,2016/9/17 20:11,19,观后感如下:我看丧尸片可以把室友吓到 学校让我们跑800m是很有用的 最近看的韩国电影都是孔侑主演的，人性的思考与反思
斑斑点点,看过,力荐,2017/2/24 14:27,12,对未知世界的恐惧，滋生了人类的自私与贪婪！整部影片在不余遗力的渲染这一主题。
Ou,看过,还行,2016/9/3 18:32,10,邪恶大叔长得太像陈奕迅了。“你当我是浮夸吧，夸张只因我很怕。似石头似木头的话，活到最后吗？”
KREJERK,看过,很差,2016/9/14 12:17,15,没有那对破烂升格镜头和狗血剧情这故事最多也就拍60分钟，拷问不是这么拷问的，用韩剧手法就能拷问出东西来了？太失望了
��🌈,看过,推荐,2016/9/24 17:47,10,男人英勇女人果断，22分钟开始持续高潮，今年唯一看得惊叫的片子。气氛塑造完美，群演给力，畅快的观影体验。PS：嫁人当嫁马东锡，这个大叔人设太好！回头看看国产影片，最终不是唯物了就是圈钱了....特别统一无趣，鲜有佳作。
X,看过,推荐,2017/4/10 19:54,17,亚洲出产的最像好莱坞大片的电影之一。孔侑演的很有魅力，但是最后安排他死掉的情节不合理
幕天席地,看过,力荐,2017/2/13 7:36,12,再自私的父亲在面对女儿的时候也会挺身而出，与冷漠的路人成鲜明的对比，这部电影就是处处体现着人性本善，夫妻情，父女情，姐妹情，欲言又止的小爱情，最后父亲尸化的片段让人动容
過期貓糧,看过,推荐,2016/9/14 10:58,18,丧尸逼很真，群演都很拼，从平静生活转换为世界危机的过程很有代入感。孕妇好看，也想帮她造小孩。小女孩丑哭，有点受不了。套路还是太深，最后一枪爆头才完美。或者本来想看清楚再说，结果小女孩一唱歌，我操太难听了忍不了，把小女孩一枪爆头：）
胖达叔,看过,还行,2016/10/8 6:48,17,这个基本是一出关于个人权利和共同体利益的伦理剧，讨论理想国的时候，学生还引证了此片。从电影本身说就是一部如好莱坞般的作品，但是韩国电影明显视野受局限，从头到尾都是韩国各地咋了，换作好莱坞，恐怕就是美国领导下的全世界咋了，换做中国来拍……建国之后应该不能有丧尸的。
花落  思量错,看过,推荐,2017/3/20 21:48,11,很少看僵尸片，釜山行真的不算恐怖，我看到的都是人性，是一个男人从自私转变成无私，到最后宁可牺牲自己，透露出人性的脆弱和伟大。韩国电影拍的真的挺用心的，主演很敬业，僵尸很逼真，挺值得内陆电影学习
寂寞の蜗牛,看过,很差,2016/9/26 16:09,12,我觉得影片本身值得6.5到7分左右，实在是受不了无脑吹，故给1星
Q。,看过,还行,2016/9/11 21:12,15,尽管套路满满，转折生硬，好坏分明，但不失为一部完成度很高的亚洲丧尸片。★★★☆
西楼尘,看过,较差,2016/12/22 9:33,15,丧尸俨然和吸血鬼神魔志怪一样成为独立自成体系的虚构物种文化，《行尸走肉》用了几百集归根结底讲的都是末世人性。当不会开车门没有嗅觉只会乱咬人的低等生物占领车站隧道高铁，如何高明地玩转人性才显功力。一边丧尸突袭一边人类堵门，用力过猛的《釜山行》显然是失败的。人性经不起考验，何必认真。
请你吃童话,看过,力荐,2016/9/18 10:48,12,丧尸片的题材对于我真是白看不厌
一颗小夹心,看过,力荐,2016/9/23 15:14,13,厉害了，换成我国超市降价的大妈大爷就更形象了
锦鲤,看过,很差,2016/12/31 19:07,13,丧尸的舞姿和跑步速度好评，节奏衔接好评
老Ben蘇,看过,还行,2016/9/17 1:32,8,6/10.在及格线徘徊。都是好莱坞玩剩下的，再加一点雪国列车的奇思妙想，别的任何关于深度的东西都是灾难片的标配，如果说工业的话，只能说成本控制得很好，这一点是中国最该学的
偷乐居士,看过,推荐,2016/9/12 16:37,13,本片的重点不在变异，而在于人性的批判，以及对掌握话语信息控制权的ZF的不信任。哎呀呀，韩国商业片都这么牛逼了，亚洲电影新方向啊！PS：最近韩国隧道挺重要的， 建议多建。7.8
ZeonGin Sou,看过,力荐,2016/9/13 0:48,10,韩国人一出手，就直踩丧尸片巅峰。踏准鼓点的韩式灾难片，紧张刺激节奏与堆砌人性险恶相结合。比起纯卖弄血浆和视效的欧美风，尸速列车更讲究的是超高速丧尸围剿下人性的丑陋，以及埋藏在人性下一闪而过的良知。再毒不过人心，但，再暖也不过人心。
最终幻想水产🦑,看过,推荐,2016/9/19 21:24,16,一个思考，如果所有人都穿很细的，一不小心就崴脚的高跟鞋能否减缓僵尸的扩散。
威治魚,看过,推荐,2016/9/12 2:29,19,韩国僵尸跑得比西方的僵尸，还快
bornfreeyolo,看过,力荐,2017/3/21 19:29,10,像结构完整的样板丧尸片，不过剧情起伏安排到位，全程无尿点，值得一看
美女菜kun,看过,还行,2016/9/20 9:15,15,没有网上吹嘘的那么好看，可能是期望的太高了。不得不说，韩国的电影在感情的表达方面还是相当细腻的。
lynn,看过,推荐,2017/1/15 23:22,10,人都是自私的  在灾难面前暴露得更明显  催泪 感人  不会很恐怖  喜欢
你爹语重心长,看过,推荐,2016/9/28 23:40,9,看过的韩国电影不多，惊悚片更是第一次看，但看过电影后，相信釜山行真的是口口相传出来的好口碑。电影有别于其他丧尸片的一点是它并没有过于描绘丧尸的恶心恐怖残忍，更加侧重描绘人与人之间的感情，每个人物，甚至所谓反派也刻画得有血有肉。唯一不太好的是有时候缺乏紧张感，不过瑕不掩瑜吧。
苏小朵,看过,力荐,2016/9/13 14:17,9,《釜》里僵尸不仅会跑，还跑的很快，主要集中在一趟列车里来势汹汹，这是韩片厉害的地方：一般不太大开大合，而是善于在腾转挪移间讲故事，讲人性，讲阶级对立，还顺道讲讲道理，还不生硬。我从来没想到一个僵尸片能看的全程紧张投入，厉害。最后枪声要是响起，这片就更厉害了，但对现在的结尾心存感激
五色全味,看过,还行,2016/9/13 12:33,12,包裝精緻套路到死的成功通俗劇，煽情、黑白分明和道德正確共舞
Lotte Mars,看过,推荐,2016/9/3 18:46,10,无尿点良心商业片；灾难片的群演很重要，有些镜头还是出戏了；拍了个美美的日式氛围的结尾
nomad,看过,很差,2016/9/12 23:58,28,看吐了
